settlement_id,order_id,settled_date,gross_amount,razorpay_fee,gst_on_fee,net_amount,is_partial_hold,hold_reason
SETT-BATCH0001-ORD00001,ORD00001,2025-04-23,1612.33,32.25,5.8,1574.28,False,
SETT-BATCH0001-ORD00002,ORD00002,2025-04-23,1604.71,32.09,5.78,1566.84,False,
SETT-BATCH0001-ORD00003,ORD00003,2025-04-23,6362.93,127.26,22.91,6212.76,False,
SETT-BATCH0001-ORD00004,ORD00004,2025-04-23,2238.38,44.77,8.06,2185.55,False,
SETT-BATCH0001-ORD00005,ORD00005,2025-04-23,1403.03,28.06,5.05,1369.92,False,
SETT-BATCH0001-ORD00006,ORD00006,2025-04-23,1474.83,29.5,5.31,1440.02,False,
SETT-BATCH0002-ORD00007,ORD00007,2025-02-23,5593.67,111.87,20.14,5461.66,False,
SETT-BATCH0002-ORD00008,ORD00008,2025-02-23,10097.48,201.95,36.35,9859.18,False,
SETT-BATCH0002-ORD00009,ORD00009,2025-02-23,4722.0,94.44,17.0,4610.56,False,
SETT-BATCH0002-ORD00010,ORD00010,2025-02-23,1645.24,32.9,5.92,1606.42,False,
SETT-BATCH0002-ORD00011,ORD00011,2025-02-23,645.07,12.9,2.32,629.85,False,
SETT-BATCH0002-ORD00012,ORD00012,2025-02-23,8457.03,169.14,30.45,8257.44,False,
SETT-BATCH0003-ORD00013,ORD00013,2025-02-10,9784.93,195.7,35.23,9554.0,True,Risk Review
SETT-BATCH0003-ORD00014,ORD00014,2025-02-10,939.77,18.8,3.38,917.59,True,Risk Review
SETT-BATCH0003-ORD00015,ORD00015,2025-02-10,8893.66,177.87,32.02,8683.77,True,Risk Review
SETT-BATCH0003-ORD00016,ORD00016,2025-02-10,604.33,12.09,2.18,590.06,True,Risk Review
SETT-BATCH0003-ORD00017,ORD00017,2025-02-10,934.08,18.68,3.36,912.04,True,Risk Review
SETT-BATCH0003-ORD00018,ORD00018,2025-02-10,22997.26,459.95,82.79,22454.52,True,Risk Review
SETT-BATCH0004-ORD00019,ORD00019,2025-07-08,1453.53,29.07,5.23,1419.23,False,
SETT-BATCH0004-ORD00020,ORD00020,2025-07-08,1032.91,20.66,3.72,1008.53,False,
SETT-BATCH0004-ORD00021,ORD00021,2025-07-08,1904.98,38.1,6.86,1860.02,False,
SETT-BATCH0004-ORD00022,ORD00022,2025-07-08,1452.47,29.05,5.23,1418.19,False,
SETT-BATCH0004-ORD00023,ORD00023,2025-07-08,3307.22,66.14,11.91,3229.17,False,
SETT-BATCH0004-ORD00024,ORD00024,2025-07-08,1888.09,37.76,6.8,1843.53,False,
SETT-BATCH0005-ORD00025,ORD00025,2025-01-30,7476.91,149.54,26.92,7300.45,False,
SETT-BATCH0005-ORD00026,ORD00026,2025-01-30,548.15,10.96,1.97,535.22,False,
SETT-BATCH0005-ORD00027,ORD00027,2025-01-30,2529.51,50.59,9.11,2469.81,False,
SETT-BATCH0005-ORD00028,ORD00028,2025-01-30,14720.17,294.4,52.99,14372.78,False,
SETT-BATCH0005-ORD00029,ORD00029,2025-01-30,9077.47,181.55,32.68,8863.24,False,
SETT-BATCH0005-ORD00030,ORD00030,2025-01-30,4119.04,82.38,14.83,4021.83,False,
SETT-BATCH0006-ORD00031,ORD00031,2025-02-27,6311.82,126.24,22.72,6162.86,False,
SETT-BATCH0006-ORD00032,ORD00032,2025-02-27,6668.26,133.37,24.01,6510.88,False,
SETT-BATCH0006-ORD00033,ORD00033,2025-02-27,1996.31,39.93,7.19,1949.19,False,
SETT-BATCH0006-ORD00034,ORD00034,2025-02-27,8046.26,160.93,28.97,7856.36,False,
SETT-BATCH0006-ORD00035,ORD00035,2025-02-27,739.97,14.8,2.66,722.51,False,
SETT-BATCH0006-ORD00036,ORD00036,2025-02-27,2508.22,50.16,9.03,2449.03,False,
SETT-BATCH0007-ORD00037,ORD00037,2025-01-07,5744.4,114.89,20.68,5608.83,False,
SETT-BATCH0007-ORD00038,ORD00038,2025-01-07,46519.49,930.39,167.47,45421.63,False,
SETT-BATCH0007-ORD00039,ORD00039,2025-01-07,2916.41,58.33,10.5,2847.58,False,
SETT-BATCH0007-ORD00040,ORD00040,2025-01-07,21528.98,430.58,77.5,21020.9,False,
SETT-BATCH0007-ORD00041,ORD00041,2025-01-07,1152.15,23.04,4.15,1124.96,False,
SETT-BATCH0007-ORD00042,ORD00042,2025-01-07,1583.14,31.66,5.7,1545.78,False,
SETT-BATCH0008-ORD00043,ORD00043,2025-01-02,44049.05,880.98,158.58,43009.49,False,
SETT-BATCH0008-ORD00044,ORD00044,2025-01-02,23057.78,461.16,83.01,22513.61,False,
SETT-BATCH0008-ORD00045,ORD00045,2025-01-02,17614.94,352.3,63.41,17199.23,False,
SETT-BATCH0008-ORD00046,ORD00046,2025-01-02,1643.77,32.88,5.92,1604.97,False,
SETT-BATCH0008-ORD00047,ORD00047,2025-01-02,48060.85,961.22,173.02,46926.61,False,
SETT-BATCH0008-ORD00048,ORD00048,2025-01-02,5908.85,118.18,21.27,5769.4,False,
SETT-BATCH0009-ORD00049,ORD00049,2025-02-27,23180.83,463.62,83.45,22633.76,True,Risk Review
SETT-BATCH0009-ORD00050,ORD00050,2025-02-27,861.31,17.23,3.1,840.98,True,Risk Review
SETT-BATCH0009-ORD00051,ORD00051,2025-02-27,11284.8,225.7,40.63,11018.47,True,Risk Review
SETT-BATCH0009-ORD00052,ORD00052,2025-02-27,24669.77,493.4,88.81,24087.56,True,Risk Review
SETT-BATCH0009-ORD00053,ORD00053,2025-02-27,11925.87,238.52,42.93,11644.42,True,Risk Review
SETT-BATCH0009-ORD00054,ORD00054,2025-02-27,12476.9,249.54,44.92,12182.44,True,Risk Review
SETT-BATCH0010-ORD00055,ORD00055,2025-02-03,16347.07,326.94,58.85,15961.28,False,
SETT-BATCH0010-ORD00056,ORD00056,2025-02-03,21328.98,426.58,76.78,20825.62,False,
SETT-BATCH0010-ORD00057,ORD00057,2025-02-03,967.57,19.35,3.48,944.74,False,
SETT-BATCH0010-ORD00058,ORD00058,2025-02-03,5504.8,110.1,19.82,5374.88,False,
SETT-BATCH0010-ORD00059,ORD00059,2025-02-03,3983.24,79.66,14.34,3889.24,False,
SETT-BATCH0010-ORD00060,ORD00060,2025-02-03,1382.46,27.65,4.98,1349.83,False,
SETT-BATCH0011-ORD00061,ORD00061,2025-01-18,2057.53,41.15,7.41,2008.97,False,
SETT-BATCH0011-ORD00062,ORD00062,2025-01-18,3831.53,76.63,13.79,3741.11,False,
SETT-BATCH0011-ORD00063,ORD00063,2025-01-18,11062.86,221.26,39.83,10801.77,False,
SETT-BATCH0011-ORD00064,ORD00064,2025-01-18,1228.12,39.3,7.07,1181.75,False,
SETT-BATCH0011-ORD00065,ORD00065,2025-01-18,1903.27,38.07,6.85,1858.35,False,
SETT-BATCH0011-ORD00066,ORD00066,2025-01-18,3943.98,78.88,14.2,3850.9,False,
SETT-BATCH0012-ORD00067,ORD00067,2025-02-03,12856.15,257.12,46.28,12552.75,True,Risk Review
SETT-BATCH0012-ORD00068,ORD00068,2025-02-03,4834.38,96.69,17.4,4720.29,True,Risk Review
SETT-BATCH0012-ORD00069,ORD00069,2025-02-03,7832.61,156.65,28.2,7647.76,True,Risk Review
SETT-BATCH0012-ORD00070,ORD00070,2025-02-03,7169.44,143.39,25.81,7000.24,True,Risk Review
SETT-BATCH0012-ORD00071,ORD00071,2025-02-03,4714.42,94.29,16.97,4603.16,True,Risk Review
SETT-BATCH0012-ORD00072,ORD00072,2025-02-03,785.31,15.71,2.83,766.77,True,Risk Review
SETT-BATCH0013-ORD00073,ORD00073,2025-01-09,775.23,15.5,2.79,756.94,False,
SETT-BATCH0013-ORD00074,ORD00074,2025-01-09,1884.9,37.7,6.79,1840.41,False,
SETT-BATCH0013-ORD00075,ORD00075,2025-01-09,22839.5,456.79,82.22,22300.49,False,
SETT-BATCH0013-ORD00076,ORD00076,2025-01-09,1998.92,39.98,7.2,1951.74,False,
SETT-BATCH0013-ORD00077,ORD00077,2025-01-09,48159.17,963.18,173.37,47022.62,False,
SETT-BATCH0013-ORD00078,ORD00078,2025-01-09,1228.46,24.57,4.42,1199.47,False,
SETT-BATCH0014-ORD00079,ORD00079,2025-03-27,23536.64,470.73,84.73,22981.18,False,
SETT-BATCH0014-ORD00080,ORD00080,2025-03-27,1977.96,39.56,7.12,1931.28,False,
SETT-BATCH0014-ORD00081,ORD00081,2025-03-27,21776.94,435.54,78.4,21263.0,False,
SETT-BATCH0014-ORD00082,ORD00082,2025-03-27,9658.54,193.17,34.77,9430.6,False,
SETT-BATCH0014-ORD00083,ORD00083,2025-03-27,5893.37,117.87,21.22,5754.28,False,
SETT-BATCH0014-ORD00084,ORD00084,2025-03-27,1953.06,39.06,7.03,1906.97,False,
SETT-BATCH0015-ORD00085,ORD00085,2025-01-30,2487.66,49.75,8.96,2428.95,False,
SETT-BATCH0015-ORD00086,ORD00086,2025-01-30,1376.27,27.53,4.96,1343.78,False,
SETT-BATCH0015-ORD00087,ORD00087,2025-01-30,17966.89,359.34,64.68,17542.87,False,
SETT-BATCH0015-ORD00088,ORD00088,2025-01-30,27002.79,540.06,97.21,26365.52,False,
SETT-BATCH0015-ORD00089,ORD00089,2025-01-30,601.94,12.04,2.17,587.73,False,
SETT-BATCH0015-ORD00090,ORD00090,2025-01-30,9532.77,190.66,34.32,9307.79,False,
SETT-BATCH0016-ORD00091,ORD00091,2025-04-16,1391.78,27.84,5.01,1358.93,True,Risk Review
SETT-BATCH0016-ORD00092,ORD00092,2025-04-16,1486.06,29.72,5.35,1450.99,True,Risk Review
SETT-BATCH0016-ORD00093,ORD00093,2025-04-16,9477.65,189.55,34.12,9253.98,True,Risk Review
SETT-BATCH0016-ORD00094,ORD00094,2025-04-16,4513.47,90.27,16.25,4406.95,True,Risk Review
SETT-BATCH0016-ORD00095,ORD00095,2025-04-16,1507.54,30.15,5.43,1471.96,True,Risk Review
SETT-BATCH0016-ORD00096,ORD00096,2025-04-16,9432.15,188.64,33.96,9209.55,True,Risk Review
SETT-BATCH0017-ORD00097,ORD00097,2025-02-08,1431.74,28.63,5.15,1397.96,False,
SETT-BATCH0017-ORD00098,ORD00098,2025-02-08,26831.52,536.63,96.59,26198.3,False,
SETT-BATCH0017-ORD00099,ORD00099,2025-02-08,3059.65,61.19,11.01,2987.45,False,
SETT-BATCH0017-ORD00100,ORD00100,2025-02-08,23189.05,463.78,83.48,22641.79,False,
SETT-BATCH0017-ORD00101,ORD00101,2025-02-08,1157.28,23.15,4.17,1129.96,False,
SETT-BATCH0017-ORD00102,ORD00102,2025-02-08,6893.42,137.87,24.82,6730.73,False,
SETT-BATCH0018-ORD00103,ORD00103,2025-03-12,7342.91,146.86,26.43,7169.62,False,
SETT-BATCH0018-ORD00104,ORD00104,2025-03-12,1495.08,29.9,5.38,1459.8,False,
SETT-BATCH0018-ORD00105,ORD00105,2025-03-12,1834.57,58.7,10.57,1765.3,False,
SETT-BATCH0018-ORD00106,ORD00106,2025-03-12,922.63,18.45,3.32,900.86,False,
SETT-BATCH0018-ORD00107,ORD00107,2025-03-12,3628.78,72.58,13.06,3543.14,False,
SETT-BATCH0018-ORD00108,ORD00108,2025-03-12,17581.14,351.62,63.29,17166.23,False,
SETT-BATCH0019-ORD00109,ORD00109,2025-01-06,22691.56,453.83,81.69,22156.04,False,
SETT-BATCH0019-ORD00110,ORD00110,2025-01-06,8634.78,172.7,31.09,8430.99,False,
SETT-BATCH0019-ORD00111,ORD00111,2025-01-06,1656.68,33.13,5.96,1617.59,False,
SETT-BATCH0019-ORD00112,ORD00112,2025-01-06,29039.55,580.79,104.54,28354.22,False,
SETT-BATCH0019-ORD00113,ORD00113,2025-01-06,5421.5,108.43,19.52,5293.55,False,
SETT-BATCH0019-ORD00114,ORD00114,2025-01-06,1917.58,38.35,6.9,1872.33,False,
SETT-BATCH0020-ORD00115,ORD00115,2025-01-22,18183.85,363.68,65.46,17754.71,False,
SETT-BATCH0020-ORD00116,ORD00116,2025-01-22,3184.75,63.7,11.47,3109.58,False,
SETT-BATCH0020-ORD00117,ORD00117,2025-01-22,1046.98,20.94,3.77,1022.27,False,
SETT-BATCH0020-ORD00118,ORD00118,2025-01-22,13151.15,263.02,47.34,12840.79,False,
SETT-BATCH0020-ORD00119,ORD00119,2025-01-22,4829.43,96.59,17.39,4715.45,False,
SETT-BATCH0020-ORD00120,ORD00120,2025-01-22,16095.66,321.91,57.94,15715.81,False,
SETT-BATCH0021-ORD00121,ORD00121,2025-04-02,9406.11,188.12,33.86,9184.13,True,Risk Review
SETT-BATCH0021-ORD00122,ORD00122,2025-04-02,24643.09,492.86,88.71,24061.52,True,Risk Review
SETT-BATCH0021-ORD00123,ORD00123,2025-04-02,10371.8,207.44,37.34,10127.02,True,Risk Review
SETT-BATCH0021-ORD00124,ORD00124,2025-04-02,16175.7,323.51,58.23,15793.96,True,Risk Review
SETT-BATCH0021-ORD00125,ORD00125,2025-04-02,22161.24,443.22,79.78,21638.24,True,Risk Review
SETT-BATCH0021-ORD00126,ORD00126,2025-04-02,1551.92,31.04,5.59,1515.29,True,Risk Review
SETT-BATCH0022-ORD00127,ORD00127,2025-04-24,22878.9,457.58,82.36,22338.96,False,
SETT-BATCH0022-ORD00128,ORD00128,2025-04-24,1877.68,37.55,6.76,1833.37,False,
SETT-BATCH0022-ORD00129,ORD00129,2025-04-24,1693.02,33.86,6.09,1653.07,False,
SETT-BATCH0022-ORD00130,ORD00130,2025-04-24,1490.05,29.8,5.36,1454.89,False,
SETT-BATCH0022-ORD00131,ORD00131,2025-04-24,1796.53,35.93,6.47,1754.13,False,
SETT-BATCH0022-ORD00132,ORD00132,2025-04-24,1264.11,25.28,4.55,1234.28,False,
SETT-BATCH0023-ORD00133,ORD00133,2025-01-16,38405.39,768.11,138.26,37499.02,False,
SETT-BATCH0023-ORD00134,ORD00134,2025-01-16,1955.6,39.11,7.04,1909.45,False,
SETT-BATCH0023-ORD00135,ORD00135,2025-01-16,9868.4,197.37,35.53,9635.5,False,
SETT-BATCH0023-ORD00136,ORD00136,2025-01-16,1151.85,23.04,4.15,1124.66,False,
SETT-BATCH0023-ORD00137,ORD00137,2025-01-16,9873.89,197.48,35.55,9640.86,False,
SETT-BATCH0023-ORD00138,ORD00138,2025-01-16,1364.88,27.3,4.91,1332.67,False,
SETT-BATCH0024-ORD00139,ORD00139,2025-05-12,1154.09,23.08,4.15,1126.86,False,
SETT-BATCH0024-ORD00140,ORD00140,2025-05-12,18076.78,361.54,65.08,17650.16,False,
SETT-BATCH0024-ORD00141,ORD00141,2025-05-12,1146.95,22.94,4.13,1119.88,False,
SETT-BATCH0024-ORD00142,ORD00142,2025-05-12,19347.33,386.95,69.65,18890.73,False,
SETT-BATCH0024-ORD00143,ORD00143,2025-05-12,20796.31,415.93,74.87,20305.51,False,
SETT-BATCH0024-ORD00144,ORD00144,2025-05-12,7335.14,146.7,26.41,7162.03,False,
SETT-BATCH0025-ORD00145,ORD00145,2025-01-03,4365.24,87.3,15.71,4262.23,False,
SETT-BATCH0025-ORD00146,ORD00146,2025-01-03,1497.39,29.95,5.39,1462.05,False,
SETT-BATCH0025-ORD00147,ORD00147,2025-01-03,9222.44,184.45,33.2,9004.79,False,
SETT-BATCH0025-ORD00148,ORD00148,2025-01-03,5248.6,104.97,18.89,5124.74,False,
SETT-BATCH0025-ORD00149,ORD00149,2025-01-03,815.27,16.31,2.94,796.02,False,
SETT-BATCH0025-ORD00150,ORD00150,2025-01-03,4577.99,91.56,16.48,4469.95,False,
SETT-BATCH0026-ORD00151,ORD00151,2025-03-29,3709.61,74.19,13.35,3622.07,False,
SETT-BATCH0026-ORD00152,ORD00152,2025-03-29,24397.48,487.95,87.83,23821.7,False,
SETT-BATCH0026-ORD00153,ORD00153,2025-03-29,4270.29,85.41,15.37,4169.51,False,
SETT-BATCH0026-ORD00154,ORD00154,2025-03-29,4681.51,93.63,16.85,4571.03,False,
SETT-BATCH0026-ORD00155,ORD00155,2025-03-29,3797.13,75.94,13.67,3707.52,False,
SETT-BATCH0026-ORD00156,ORD00156,2025-03-29,569.32,11.39,2.05,555.88,False,
SETT-BATCH0027-ORD00157,ORD00157,2025-01-03,8147.91,162.96,29.33,7955.62,True,Risk Review
SETT-BATCH0027-ORD00158,ORD00158,2025-01-03,7038.12,140.76,25.34,6872.02,True,Risk Review
SETT-BATCH0027-ORD00159,ORD00159,2025-01-03,5071.83,101.44,18.26,4952.13,True,Risk Review
SETT-BATCH0027-ORD00160,ORD00160,2025-01-03,1484.09,29.68,5.34,1449.07,True,Risk Review
SETT-BATCH0027-ORD00161,ORD00161,2025-01-03,22906.61,458.13,82.46,22366.02,True,Risk Review
SETT-BATCH0027-ORD00162,ORD00162,2025-01-03,13282.62,265.65,47.82,12969.15,True,Risk Review
SETT-BATCH0028-ORD00163,ORD00163,2025-03-11,2401.75,48.04,8.65,2345.06,False,
SETT-BATCH0028-ORD00164,ORD00164,2025-03-11,11820.38,236.41,42.55,11541.42,False,
SETT-BATCH0028-ORD00165,ORD00165,2025-03-11,20013.67,400.27,72.05,19541.35,False,
SETT-BATCH0028-ORD00166,ORD00166,2025-03-11,9600.32,192.01,34.56,9373.75,False,
SETT-BATCH0028-ORD00167,ORD00167,2025-03-11,7754.19,155.08,27.91,7571.2,False,
SETT-BATCH0028-ORD00168,ORD00168,2025-03-11,9254.84,185.1,33.32,9036.42,False,
SETT-BATCH0029-ORD00169,ORD00169,2025-02-10,21154.83,423.1,76.16,20655.57,False,
SETT-BATCH0029-ORD00170,ORD00170,2025-02-10,8014.21,160.28,28.85,7825.08,False,
SETT-BATCH0029-ORD00171,ORD00171,2025-02-10,1666.51,33.33,6.0,1627.18,False,
SETT-BATCH0029-ORD00172,ORD00172,2025-02-10,4196.78,83.94,15.11,4097.73,False,
SETT-BATCH0029-ORD00173,ORD00173,2025-02-10,3875.95,77.52,13.95,3784.48,False,
SETT-BATCH0029-ORD00174,ORD00174,2025-02-10,1310.23,26.2,4.72,1279.31,False,
SETT-BATCH0030-ORD00175,ORD00175,2025-02-02,1074.55,21.49,3.87,1049.19,False,
SETT-BATCH0030-ORD00176,ORD00176,2025-02-02,2513.83,50.28,9.05,2454.5,False,
SETT-BATCH0030-ORD00177,ORD00177,2025-02-02,1198.89,23.98,4.32,1170.59,False,
SETT-BATCH0030-ORD00178,ORD00178,2025-02-02,1130.22,22.6,4.07,1103.55,False,
SETT-BATCH0030-ORD00179,ORD00179,2025-02-02,10292.98,205.86,37.05,10050.07,False,
SETT-BATCH0030-ORD00180,ORD00180,2025-02-02,508.84,10.18,1.83,496.83,False,
SETT-BATCH0031-ORD00181,ORD00181,2025-03-28,1084.98,21.7,3.91,1059.37,False,
SETT-BATCH0031-ORD00182,ORD00182,2025-03-28,7877.07,157.54,28.36,7691.17,False,
SETT-BATCH0031-ORD00183,ORD00183,2025-03-28,17323.44,346.47,62.36,16914.61,False,
SETT-BATCH0031-ORD00184,ORD00184,2025-03-28,2232.2,44.64,8.04,2179.52,False,
SETT-BATCH0031-ORD00185,ORD00185,2025-03-28,8385.14,167.7,30.19,8187.25,False,
SETT-BATCH0031-ORD00186,ORD00186,2025-03-28,23793.12,475.86,85.65,23231.61,False,
SETT-BATCH0032-ORD00187,ORD00187,2025-04-06,9255.43,185.11,33.32,9037.0,False,
SETT-BATCH0032-ORD00188,ORD00188,2025-04-06,2216.82,44.34,7.98,2164.5,False,
SETT-BATCH0032-ORD00189,ORD00189,2025-04-06,8934.81,178.7,32.17,8723.94,False,
SETT-BATCH0032-ORD00190,ORD00190,2025-04-06,1068.66,21.37,3.85,1043.44,False,
SETT-BATCH0032-ORD00191,ORD00191,2025-04-06,4700.0,94.0,16.92,4589.08,False,
SETT-BATCH0032-ORD00192,ORD00192,2025-04-06,1926.81,38.54,6.94,1881.33,False,
SETT-BATCH0033-ORD00193,ORD00193,2025-01-11,622.86,12.46,2.24,608.16,False,
SETT-BATCH0033-ORD00194,ORD00194,2025-01-11,2416.68,48.33,8.7,2359.65,False,
SETT-BATCH0033-ORD00195,ORD00195,2025-01-11,602.93,12.06,2.17,588.7,False,
SETT-BATCH0033-ORD00196,ORD00196,2025-01-11,546.54,10.93,1.97,533.64,False,
SETT-BATCH0033-ORD00197,ORD00197,2025-01-11,530.57,10.61,1.91,518.05,False,
SETT-BATCH0033-ORD00198,ORD00198,2025-01-11,1210.34,38.74,6.97,1164.63,False,
SETT-BATCH0034-ORD00199,ORD00199,2025-03-02,3743.72,74.87,13.48,3655.37,False,
SETT-BATCH0034-ORD00200,ORD00200,2025-03-02,1053.34,21.07,3.79,1028.48,False,
SETT-BATCH0034-ORD00201,ORD00201,2025-03-02,7983.41,159.67,28.74,7795.0,False,
SETT-BATCH0034-ORD00202,ORD00202,2025-03-02,12456.49,249.13,44.84,12162.52,False,
SETT-BATCH0034-ORD00203,ORD00203,2025-03-02,538.52,10.77,1.94,525.81,False,
SETT-BATCH0034-ORD00204,ORD00204,2025-03-02,9264.21,185.28,33.35,9045.58,False,
SETT-BATCH0035-ORD00205,ORD00205,2025-02-09,1572.52,31.45,5.66,1535.41,False,
SETT-BATCH0035-ORD00206,ORD00206,2025-02-09,8644.57,276.62,49.79,8318.16,False,
SETT-BATCH0035-ORD00207,ORD00207,2025-02-09,1658.72,33.17,5.97,1619.58,False,
SETT-BATCH0035-ORD00208,ORD00208,2025-02-09,2968.44,59.37,10.69,2898.38,False,
SETT-BATCH0035-ORD00209,ORD00209,2025-02-09,15208.06,304.16,54.75,14849.15,False,
SETT-BATCH0035-ORD00210,ORD00210,2025-02-09,2551.65,51.03,9.19,2491.43,False,
SETT-BATCH0036-ORD00211,ORD00211,2025-03-22,1774.36,35.49,6.39,1732.48,True,Risk Review
SETT-BATCH0036-ORD00212,ORD00212,2025-03-22,1941.18,38.82,6.99,1895.37,True,Risk Review
SETT-BATCH0036-ORD00213,ORD00213,2025-03-22,16896.09,337.92,60.83,16497.34,True,Risk Review
SETT-BATCH0036-ORD00214,ORD00214,2025-03-22,7870.36,157.41,28.33,7684.62,True,Risk Review
SETT-BATCH0036-ORD00215,ORD00215,2025-03-22,1712.3,34.25,6.17,1671.88,True,Risk Review
SETT-BATCH0036-ORD00216,ORD00216,2025-03-22,16973.11,339.46,61.1,16572.55,True,Risk Review
SETT-BATCH0037-ORD00217,ORD00217,2025-02-15,1777.57,35.55,6.4,1735.62,False,
SETT-BATCH0037-ORD00218,ORD00218,2025-02-15,1176.2,23.52,4.23,1148.45,False,
SETT-BATCH0037-ORD00219,ORD00219,2025-02-15,7345.51,146.91,26.44,7172.16,False,
SETT-BATCH0037-ORD00220,ORD00220,2025-02-15,1776.43,56.85,10.23,1709.35,False,
SETT-BATCH0037-ORD00221,ORD00221,2025-02-15,4838.6,96.77,17.42,4724.41,False,
SETT-BATCH0037-ORD00222,ORD00222,2025-02-15,1820.48,36.41,6.55,1777.52,False,
SETT-BATCH0038-ORD00223,ORD00223,2025-04-25,18336.87,366.74,66.01,17904.12,True,Risk Review
SETT-BATCH0038-ORD00224,ORD00224,2025-04-25,11284.19,225.68,40.62,11017.89,True,Risk Review
SETT-BATCH0038-ORD00225,ORD00225,2025-04-25,8065.32,161.31,29.04,7874.97,True,Risk Review
SETT-BATCH0038-ORD00226,ORD00226,2025-04-25,7694.74,153.89,27.7,7513.15,True,Risk Review
SETT-BATCH0038-ORD00227,ORD00227,2025-04-25,11395.8,227.92,41.03,11126.85,True,Risk Review
SETT-BATCH0038-ORD00228,ORD00228,2025-04-25,3946.44,78.93,14.21,3853.3,True,Risk Review
SETT-BATCH0039-ORD00229,ORD00229,2025-04-10,5786.08,115.72,20.83,5649.53,False,
SETT-BATCH0039-ORD00230,ORD00230,2025-04-10,1994.95,39.9,7.18,1947.87,False,
SETT-BATCH0039-ORD00231,ORD00231,2025-04-10,1554.28,31.09,5.6,1517.59,False,
SETT-BATCH0039-ORD00232,ORD00232,2025-04-10,845.81,16.92,3.05,825.84,False,
SETT-BATCH0039-ORD00233,ORD00233,2025-04-10,1614.32,32.29,5.81,1576.22,False,
SETT-BATCH0039-ORD00234,ORD00234,2025-04-10,824.58,16.49,2.97,805.12,False,
SETT-BATCH0040-ORD00235,ORD00235,2025-04-11,1384.38,27.69,4.98,1351.71,False,
SETT-BATCH0040-ORD00236,ORD00236,2025-04-11,9844.09,196.88,35.44,9611.77,False,
SETT-BATCH0040-ORD00237,ORD00237,2025-04-11,1041.32,20.83,3.75,1016.74,False,
SETT-BATCH0040-ORD00238,ORD00238,2025-04-11,1301.2,26.02,4.68,1270.5,False,
SETT-BATCH0040-ORD00239,ORD00239,2025-04-11,581.79,11.64,2.1,568.05,False,
SETT-BATCH0040-ORD00240,ORD00240,2025-04-11,3010.24,60.2,10.84,2939.2,False,
SETT-BATCH0041-ORD00241,ORD00241,2025-01-29,518.4,10.37,1.87,506.16,False,
SETT-BATCH0041-ORD00242,ORD00242,2025-01-29,5523.75,110.48,19.89,5393.38,False,
SETT-BATCH0041-ORD00243,ORD00243,2025-01-29,31311.96,626.24,112.72,30573.0,False,
SETT-BATCH0041-ORD00244,ORD00244,2025-01-29,598.02,11.96,2.15,583.91,False,
SETT-BATCH0041-ORD00245,ORD00245,2025-01-29,1444.17,28.88,5.2,1410.09,False,
SETT-BATCH0041-ORD00246,ORD00246,2025-01-29,1716.71,34.33,6.18,1676.2,False,
SETT-BATCH0042-ORD00247,ORD00247,2025-06-06,872.29,17.45,3.14,851.7,False,
SETT-BATCH0042-ORD00248,ORD00248,2025-06-06,19094.76,381.9,68.74,18644.12,False,
SETT-BATCH0042-ORD00249,ORD00249,2025-06-06,1283.86,25.68,4.62,1253.56,False,
SETT-BATCH0042-ORD00250,ORD00250,2025-06-06,14460.3,289.21,52.06,14119.03,False,
SETT-BATCH0042-ORD00251,ORD00251,2025-06-06,32634.51,652.69,117.48,31864.34,False,
SETT-BATCH0042-ORD00252,ORD00252,2025-06-06,1940.16,38.8,6.98,1894.38,False,
SETT-BATCH0043-ORD00253,ORD00253,2025-01-03,13116.82,262.34,47.22,12807.26,False,
SETT-BATCH0043-ORD00254,ORD00254,2025-01-03,621.78,12.44,2.24,607.1,False,
SETT-BATCH0043-ORD00255,ORD00255,2025-01-03,612.6,12.25,2.21,598.14,False,
SETT-BATCH0043-ORD00256,ORD00256,2025-01-03,7514.97,150.3,27.05,7337.62,False,
SETT-BATCH0043-ORD00257,ORD00257,2025-01-03,847.21,16.94,3.05,827.22,False,
SETT-BATCH0043-ORD00258,ORD00258,2025-01-03,1789.41,35.79,6.44,1747.18,False,
SETT-BATCH0044-ORD00259,ORD00259,2025-02-07,9391.29,187.83,33.81,9169.65,False,
SETT-BATCH0044-ORD00260,ORD00260,2025-02-07,8431.25,168.62,30.35,8232.28,False,
SETT-BATCH0044-ORD00261,ORD00261,2025-02-07,6356.5,127.13,22.88,6206.49,False,
SETT-BATCH0044-ORD00262,ORD00262,2025-02-07,898.45,17.97,3.23,877.25,False,
SETT-BATCH0044-ORD00263,ORD00263,2025-02-07,748.88,14.98,2.7,731.2,False,
SETT-BATCH0044-ORD00264,ORD00264,2025-02-07,8593.92,171.88,30.94,8391.1,False,
SETT-BATCH0045-ORD00265,ORD00265,2025-04-29,5749.58,114.99,20.7,5613.89,False,
SETT-BATCH0045-ORD00266,ORD00266,2025-04-29,9541.41,190.83,34.35,9316.23,False,
SETT-BATCH0045-ORD00267,ORD00267,2025-04-29,5502.07,110.04,19.81,5372.22,False,
SETT-BATCH0045-ORD00268,ORD00268,2025-04-29,1148.04,22.96,4.13,1120.95,False,
SETT-BATCH0045-ORD00269,ORD00269,2025-04-29,2206.92,44.14,7.95,2154.83,False,
SETT-BATCH0045-ORD00270,ORD00270,2025-04-29,45898.97,917.98,165.24,44815.75,False,
SETT-BATCH0046-ORD00271,ORD00271,2025-04-01,2165.96,43.32,7.8,2114.84,False,
SETT-BATCH0046-ORD00272,ORD00272,2025-04-01,18643.7,372.87,67.12,18203.71,False,
SETT-BATCH0046-ORD00273,ORD00273,2025-04-01,7212.08,144.24,25.96,7041.88,False,
SETT-BATCH0046-ORD00274,ORD00274,2025-04-01,1377.99,27.56,4.96,1345.47,False,
SETT-BATCH0046-ORD00275,ORD00275,2025-04-01,24535.83,490.72,88.33,23956.78,False,
SETT-BATCH0046-ORD00276,ORD00276,2025-04-01,999.96,20.0,3.6,976.36,False,
SETT-BATCH0047-ORD00277,ORD00277,2025-03-02,741.24,14.82,2.67,723.75,False,
SETT-BATCH0047-ORD00278,ORD00278,2025-03-02,4305.74,86.11,15.5,4204.13,False,
SETT-BATCH0047-ORD00279,ORD00279,2025-03-02,18251.45,365.03,65.71,17820.71,False,
SETT-BATCH0047-ORD00280,ORD00280,2025-03-02,878.6,17.57,3.16,857.87,False,
SETT-BATCH0047-ORD00281,ORD00281,2025-03-02,35104.38,702.09,126.38,34275.91,False,
SETT-BATCH0047-ORD00282,ORD00282,2025-03-02,10017.27,200.35,36.06,9780.86,False,
SETT-BATCH0048-ORD00283,ORD00283,2025-01-16,2433.63,48.67,8.76,2376.2,False,
SETT-BATCH0048-ORD00284,ORD00284,2025-01-16,1634.66,32.69,5.88,1596.09,False,
SETT-BATCH0048-ORD00285,ORD00285,2025-01-16,2412.89,48.26,8.69,2355.94,False,
SETT-BATCH0048-ORD00286,ORD00286,2025-01-16,9421.38,188.43,33.92,9199.03,False,
SETT-BATCH0048-ORD00287,ORD00287,2025-01-16,17270.68,345.41,62.17,16863.1,False,
SETT-BATCH0048-ORD00288,ORD00288,2025-01-16,40221.79,804.44,144.8,39272.55,False,
SETT-BATCH0049-ORD00289,ORD00289,2025-01-09,4486.0,89.72,16.15,4380.13,False,
SETT-BATCH0049-ORD00290,ORD00290,2025-01-09,2745.67,54.91,9.88,2680.88,False,
SETT-BATCH0049-ORD00291,ORD00291,2025-01-09,2939.73,58.79,10.58,2870.36,False,
SETT-BATCH0049-ORD00292,ORD00292,2025-01-09,7732.83,154.66,27.84,7550.33,False,
SETT-BATCH0049-ORD00293,ORD00293,2025-01-09,5323.92,106.48,19.17,5198.27,False,
SETT-BATCH0049-ORD00294,ORD00294,2025-01-09,31093.27,621.87,111.94,30359.46,False,
SETT-BATCH0050-ORD00295,ORD00295,2025-02-05,785.92,15.72,2.83,767.37,False,
SETT-BATCH0050-ORD00296,ORD00296,2025-02-05,9034.61,180.69,32.52,8821.4,False,
SETT-BATCH0050-ORD00297,ORD00297,2025-02-05,1685.01,33.7,6.07,1645.24,False,
SETT-BATCH0050-ORD00298,ORD00298,2025-02-05,1681.58,33.63,6.05,1641.9,False,
SETT-BATCH0050-ORD00299,ORD00299,2025-02-05,14242.58,284.85,51.27,13906.46,False,
SETT-BATCH0050-ORD00300,ORD00300,2025-02-05,18698.85,373.98,67.32,18257.55,False,
SETT-BATCH0051-ORD00301,ORD00301,2025-01-24,3188.76,63.78,11.48,3113.5,False,
SETT-BATCH0051-ORD00302,ORD00302,2025-01-24,4659.52,93.19,16.77,4549.56,False,
SETT-BATCH0051-ORD00303,ORD00303,2025-01-24,1899.28,37.99,6.84,1854.45,False,
SETT-BATCH0051-ORD00304,ORD00304,2025-01-24,30970.14,619.4,111.49,30239.25,False,
SETT-BATCH0051-ORD00305,ORD00305,2025-01-24,1663.32,33.27,5.99,1624.06,False,
SETT-BATCH0051-ORD00306,ORD00306,2025-01-24,1209.46,24.19,4.35,1180.92,False,
SETT-BATCH0052-ORD00307,ORD00307,2025-01-09,1495.53,29.91,5.38,1460.24,False,
SETT-BATCH0052-ORD00308,ORD00308,2025-01-09,37383.22,747.66,134.58,36500.98,False,
SETT-BATCH0052-ORD00309,ORD00309,2025-01-09,1948.03,38.96,7.01,1902.06,False,
SETT-BATCH0052-ORD00310,ORD00310,2025-01-09,23112.86,462.26,83.21,22567.39,False,
SETT-BATCH0052-ORD00311,ORD00311,2025-01-09,1865.66,37.31,6.72,1821.63,False,
SETT-BATCH0052-ORD00312,ORD00312,2025-01-09,5279.83,105.6,19.01,5155.22,False,
SETT-BATCH0053-ORD00313,ORD00313,2025-05-17,26870.71,537.41,96.73,26236.57,False,
SETT-BATCH0053-ORD00314,ORD00314,2025-05-17,1539.06,30.78,5.54,1502.74,False,
SETT-BATCH0053-ORD00315,ORD00315,2025-05-17,992.85,19.86,3.57,969.42,False,
SETT-BATCH0053-ORD00316,ORD00316,2025-05-17,15700.14,314.0,56.52,15329.62,False,
SETT-BATCH0053-ORD00317,ORD00317,2025-05-17,9099.51,181.99,32.76,8884.76,False,
SETT-BATCH0053-ORD00318,ORD00318,2025-05-17,10538.49,210.77,37.94,10289.78,False,
SETT-BATCH0054-ORD00319,ORD00319,2025-02-06,1526.6,30.53,5.5,1490.57,False,
SETT-BATCH0054-ORD00320,ORD00320,2025-02-06,43669.16,873.38,157.21,42638.57,False,
SETT-BATCH0054-ORD00321,ORD00321,2025-02-06,44009.24,880.18,158.43,42970.63,False,
SETT-BATCH0054-ORD00322,ORD00322,2025-02-06,16655.18,333.1,59.96,16262.12,False,
SETT-BATCH0054-ORD00323,ORD00323,2025-02-06,543.42,10.87,1.96,530.59,False,
SETT-BATCH0054-ORD00324,ORD00324,2025-02-06,14400.52,288.01,51.84,14060.67,False,
SETT-BATCH0055-ORD00325,ORD00325,2025-03-30,3953.58,79.07,14.23,3860.28,False,
SETT-BATCH0055-ORD00326,ORD00326,2025-03-30,8340.16,166.8,30.02,8143.34,False,
SETT-BATCH0055-ORD00327,ORD00327,2025-03-30,1414.24,28.28,5.09,1380.87,False,
SETT-BATCH0055-ORD00328,ORD00328,2025-03-30,3926.64,78.53,14.14,3833.97,False,
SETT-BATCH0055-ORD00329,ORD00329,2025-03-30,1191.72,23.83,4.29,1163.6,False,
SETT-BATCH0055-ORD00330,ORD00330,2025-03-30,7334.73,146.69,26.4,7161.64,False,
SETT-BATCH0056-ORD00331,ORD00331,2025-02-24,20164.16,403.28,72.59,19688.29,False,
SETT-BATCH0056-ORD00332,ORD00332,2025-02-24,1917.85,38.36,6.9,1872.59,False,
SETT-BATCH0056-ORD00333,ORD00333,2025-02-24,1943.04,38.86,6.99,1897.19,False,
SETT-BATCH0056-ORD00334,ORD00334,2025-02-24,1767.96,35.36,6.36,1726.24,False,
SETT-BATCH0056-ORD00335,ORD00335,2025-02-24,46333.39,926.67,166.8,45239.92,False,
SETT-BATCH0056-ORD00336,ORD00336,2025-02-24,1357.88,27.16,4.89,1325.83,False,
SETT-BATCH0057-ORD00337,ORD00337,2025-01-13,1548.92,30.98,5.58,1512.36,False,
SETT-BATCH0057-ORD00338,ORD00338,2025-01-13,41455.75,829.12,149.24,40477.39,False,
SETT-BATCH0057-ORD00339,ORD00339,2025-01-13,1797.6,35.95,6.47,1755.18,False,
SETT-BATCH0057-ORD00340,ORD00340,2025-01-13,21177.58,423.55,76.24,20677.79,False,
SETT-BATCH0057-ORD00341,ORD00341,2025-01-13,13451.78,269.04,48.43,13134.31,False,
SETT-BATCH0057-ORD00342,ORD00342,2025-01-13,785.2,15.7,2.83,766.67,False,
SETT-BATCH0058-ORD00343,ORD00343,2025-02-21,7767.43,155.35,27.96,7584.12,False,
SETT-BATCH0058-ORD00344,ORD00344,2025-02-21,3094.23,61.88,11.14,3021.21,False,
SETT-BATCH0058-ORD00345,ORD00345,2025-02-21,19695.11,393.9,70.9,19230.31,False,
SETT-BATCH0058-ORD00346,ORD00346,2025-02-21,10500.47,210.01,37.8,10252.66,False,
SETT-BATCH0058-ORD00347,ORD00347,2025-02-21,2721.07,54.42,9.8,2656.85,False,
SETT-BATCH0058-ORD00348,ORD00348,2025-02-21,1123.25,22.46,4.04,1096.75,False,
SETT-BATCH0059-ORD00349,ORD00349,2025-02-09,1309.11,26.18,4.71,1278.22,False,
SETT-BATCH0059-ORD00350,ORD00350,2025-02-09,9307.9,186.16,33.51,9088.23,False,
SETT-BATCH0059-ORD00351,ORD00351,2025-02-09,1737.03,34.74,6.25,1696.04,False,
SETT-BATCH0059-ORD00352,ORD00352,2025-02-09,32378.54,647.57,116.56,31614.41,False,
SETT-BATCH0059-ORD00353,ORD00353,2025-02-09,17024.97,340.5,61.29,16623.18,False,
SETT-BATCH0059-ORD00354,ORD00354,2025-02-09,1949.75,38.99,7.02,1903.74,False,
SETT-BATCH0060-ORD00355,ORD00355,2025-01-09,9839.54,196.79,35.42,9607.33,False,
SETT-BATCH0060-ORD00356,ORD00356,2025-01-09,1686.02,33.72,6.07,1646.23,False,
SETT-BATCH0060-ORD00357,ORD00357,2025-01-09,685.38,13.71,2.47,669.2,False,
SETT-BATCH0060-ORD00358,ORD00358,2025-01-09,7378.73,147.57,26.56,7204.6,False,
SETT-BATCH0060-ORD00359,ORD00359,2025-01-09,1457.82,29.16,5.25,1423.41,False,
SETT-BATCH0060-ORD00360,ORD00360,2025-01-09,850.73,17.01,3.06,830.66,False,
SETT-BATCH0061-ORD00361,ORD00361,2025-01-14,9545.35,190.91,34.36,9320.08,True,Risk Review
SETT-BATCH0061-ORD00362,ORD00362,2025-01-14,13320.51,266.41,47.95,13006.15,True,Risk Review
SETT-BATCH0061-ORD00363,ORD00363,2025-01-14,5714.14,114.28,20.57,5579.29,True,Risk Review
SETT-BATCH0061-ORD00364,ORD00364,2025-01-14,1112.44,22.25,4.0,1086.19,True,Risk Review
SETT-BATCH0061-ORD00365,ORD00365,2025-01-14,555.82,11.12,2.0,542.7,True,Risk Review
SETT-BATCH0061-ORD00366,ORD00366,2025-01-14,852.2,17.04,3.07,832.09,True,Risk Review
SETT-BATCH0062-ORD00367,ORD00367,2025-03-22,1180.47,23.61,4.25,1152.61,False,
SETT-BATCH0062-ORD00368,ORD00368,2025-03-22,20447.26,408.95,73.61,19964.7,False,
SETT-BATCH0062-ORD00369,ORD00369,2025-03-22,7938.15,158.76,28.58,7750.81,False,
SETT-BATCH0062-ORD00370,ORD00370,2025-03-22,19823.83,396.48,71.37,19355.98,False,
SETT-BATCH0062-ORD00371,ORD00371,2025-03-22,9512.42,190.25,34.24,9287.93,False,
SETT-BATCH0062-ORD00372,ORD00372,2025-03-22,1055.79,21.12,3.8,1030.87,False,
SETT-BATCH0063-ORD00373,ORD00373,2025-02-02,3888.9,77.78,14.0,3797.12,False,
SETT-BATCH0063-ORD00374,ORD00374,2025-02-02,1528.52,30.57,5.5,1492.45,False,
SETT-BATCH0063-ORD00375,ORD00375,2025-02-02,19672.4,393.45,70.82,19208.13,False,
SETT-BATCH0063-ORD00376,ORD00376,2025-02-02,784.71,15.69,2.82,766.2,False,
SETT-BATCH0063-ORD00377,ORD00377,2025-02-02,22362.87,447.26,80.51,21835.1,False,
SETT-BATCH0063-ORD00378,ORD00378,2025-02-02,7133.64,142.67,25.68,6965.29,False,
SETT-BATCH0064-ORD00379,ORD00379,2025-05-01,26264.46,525.29,94.55,25644.62,False,
SETT-BATCH0064-ORD00380,ORD00380,2025-05-01,688.89,13.78,2.48,672.63,False,
SETT-BATCH0064-ORD00381,ORD00381,2025-05-01,1744.73,34.89,6.28,1703.56,False,
SETT-BATCH0064-ORD00382,ORD00382,2025-05-01,823.93,16.48,2.97,804.48,False,
SETT-BATCH0064-ORD00383,ORD00383,2025-05-01,721.33,14.43,2.6,704.3,False,
SETT-BATCH0064-ORD00384,ORD00384,2025-05-01,1787.61,35.75,6.43,1745.43,False,
SETT-BATCH0065-ORD00385,ORD00385,2025-03-11,38505.39,770.11,138.62,37596.66,False,
SETT-BATCH0065-ORD00386,ORD00386,2025-03-11,1799.67,35.99,6.48,1757.2,False,
SETT-BATCH0065-ORD00387,ORD00387,2025-03-11,1684.98,33.7,6.07,1645.21,False,
SETT-BATCH0065-ORD00388,ORD00388,2025-03-11,2126.25,42.52,7.65,2076.08,False,
SETT-BATCH0065-ORD00389,ORD00389,2025-03-11,1612.58,32.25,5.8,1574.53,False,
SETT-BATCH0065-ORD00390,ORD00390,2025-03-11,595.34,11.91,2.14,581.29,False,
SETT-BATCH0066-ORD00391,ORD00391,2025-01-17,17698.57,353.97,63.71,17280.89,False,
SETT-BATCH0066-ORD00392,ORD00392,2025-01-17,3772.4,75.45,13.58,3683.37,False,
SETT-BATCH0066-ORD00393,ORD00393,2025-01-17,1674.84,33.5,6.03,1635.31,False,
SETT-BATCH0066-ORD00394,ORD00394,2025-01-17,5664.34,113.29,20.39,5530.66,False,
SETT-BATCH0066-ORD00395,ORD00395,2025-01-17,1218.47,24.37,4.39,1189.71,False,
SETT-BATCH0066-ORD00396,ORD00396,2025-01-17,2863.69,57.27,10.31,2796.11,False,
SETT-BATCH0067-ORD00397,ORD00397,2025-02-12,11102.36,222.05,39.97,10840.34,False,
SETT-BATCH0067-ORD00398,ORD00398,2025-02-12,722.5,14.45,2.6,705.45,False,
SETT-BATCH0067-ORD00399,ORD00399,2025-02-12,1449.62,28.99,5.22,1415.41,False,
SETT-BATCH0067-ORD00400,ORD00400,2025-02-12,5047.24,100.94,18.17,4928.13,False,
SETT-BATCH0067-ORD00401,ORD00401,2025-02-12,5629.72,112.59,20.27,5496.86,False,
SETT-BATCH0067-ORD00402,ORD00402,2025-02-12,8344.77,166.9,30.04,8147.83,False,
SETT-BATCH0068-ORD00403,ORD00403,2025-03-02,19763.75,395.28,71.15,19297.32,False,
SETT-BATCH0068-ORD00404,ORD00404,2025-03-02,3720.18,74.4,13.39,3632.39,False,
SETT-BATCH0068-ORD00405,ORD00405,2025-03-02,16207.2,324.14,58.35,15824.71,False,
SETT-BATCH0068-ORD00406,ORD00406,2025-03-02,1594.42,31.89,5.74,1556.79,False,
SETT-BATCH0068-ORD00407,ORD00407,2025-03-02,7320.86,146.42,26.36,7148.08,False,
SETT-BATCH0068-ORD00408,ORD00408,2025-03-02,42170.53,843.41,151.81,41175.31,False,
SETT-BATCH0069-ORD00409,ORD00409,2025-02-18,1747.66,34.95,6.29,1706.42,False,
SETT-BATCH0069-ORD00410,ORD00410,2025-02-18,7956.71,159.13,28.64,7768.94,False,
SETT-BATCH0069-ORD00411,ORD00411,2025-02-18,18345.56,366.91,66.04,17912.61,False,
SETT-BATCH0069-ORD00412,ORD00412,2025-02-18,39042.08,780.84,140.55,38120.69,False,
SETT-BATCH0069-ORD00413,ORD00413,2025-02-18,1030.4,20.61,3.71,1006.08,False,
SETT-BATCH0069-ORD00414,ORD00414,2025-02-18,16344.05,326.88,58.84,15958.33,False,
SETT-BATCH0070-ORD00415,ORD00415,2025-01-28,40010.25,800.21,144.04,39066.0,False,
SETT-BATCH0070-ORD00416,ORD00416,2025-01-28,1261.12,40.35,7.26,1213.51,False,
SETT-BATCH0070-ORD00417,ORD00417,2025-01-28,3793.96,75.88,13.66,3704.42,False,
SETT-BATCH0070-ORD00418,ORD00418,2025-01-28,1334.4,26.69,4.8,1302.91,False,
SETT-BATCH0070-ORD00419,ORD00419,2025-01-28,18611.5,372.23,67.0,18172.27,False,
SETT-BATCH0070-ORD00420,ORD00420,2025-01-28,24618.2,492.36,88.62,24037.22,False,
SETT-BATCH0071-ORD00421,ORD00421,2025-01-15,7141.59,142.83,25.71,6973.05,False,
SETT-BATCH0071-ORD00422,ORD00422,2025-01-15,7262.65,145.25,26.14,7091.26,False,
SETT-BATCH0071-ORD00423,ORD00423,2025-01-15,770.62,15.41,2.77,752.44,False,
SETT-BATCH0071-ORD00424,ORD00424,2025-01-15,23823.06,476.46,85.76,23260.84,False,
SETT-BATCH0071-ORD00425,ORD00425,2025-01-15,1804.79,36.1,6.5,1762.19,False,
SETT-BATCH0071-ORD00426,ORD00426,2025-01-15,2556.68,51.13,9.2,2496.35,False,
SETT-BATCH0072-ORD00427,ORD00427,2025-02-14,27293.94,545.88,98.26,26649.8,False,
SETT-BATCH0072-ORD00428,ORD00428,2025-02-14,1129.75,22.59,4.07,1103.09,False,
SETT-BATCH0072-ORD00429,ORD00429,2025-02-14,967.46,19.35,3.48,944.63,False,
SETT-BATCH0072-ORD00430,ORD00430,2025-02-14,18513.9,370.28,66.65,18076.97,False,
SETT-BATCH0072-ORD00431,ORD00431,2025-02-14,12333.7,246.67,44.4,12042.63,False,
SETT-BATCH0072-ORD00432,ORD00432,2025-02-14,622.37,12.45,2.24,607.68,False,
SETT-BATCH0073-ORD00433,ORD00433,2025-05-27,5885.29,117.71,21.19,5746.39,True,Risk Review
SETT-BATCH0073-ORD00434,ORD00434,2025-05-27,3724.55,74.49,13.41,3636.65,True,Risk Review
SETT-BATCH0073-ORD00435,ORD00435,2025-05-27,1144.87,22.9,4.12,1117.85,True,Risk Review
SETT-BATCH0073-ORD00436,ORD00436,2025-05-27,6745.07,134.9,24.28,6585.89,True,Risk Review
SETT-BATCH0073-ORD00437,ORD00437,2025-05-27,2363.34,47.27,8.51,2307.56,True,Risk Review
SETT-BATCH0073-ORD00438,ORD00438,2025-05-27,26369.55,527.39,94.93,25747.23,True,Risk Review
SETT-BATCH0074-ORD00439,ORD00439,2025-03-04,816.85,16.34,2.94,797.57,False,
SETT-BATCH0074-ORD00440,ORD00440,2025-03-04,14341.71,286.83,51.63,14003.25,False,
SETT-BATCH0074-ORD00441,ORD00441,2025-03-04,1620.52,32.41,5.83,1582.28,False,
SETT-BATCH0074-ORD00442,ORD00442,2025-03-04,1298.87,25.98,4.68,1268.21,False,
SETT-BATCH0074-ORD00443,ORD00443,2025-03-04,8666.83,173.34,31.2,8462.29,False,
SETT-BATCH0074-ORD00444,ORD00444,2025-03-04,1792.65,35.85,6.45,1750.35,False,
SETT-BATCH0075-ORD00445,ORD00445,2025-01-23,5678.03,113.56,20.44,5544.03,False,
SETT-BATCH0075-ORD00446,ORD00446,2025-01-23,18636.39,372.73,67.09,18196.57,False,
SETT-BATCH0075-ORD00447,ORD00447,2025-01-23,7121.13,142.42,25.64,6953.07,False,
SETT-BATCH0075-ORD00448,ORD00448,2025-01-23,531.28,10.63,1.91,518.74,False,
SETT-BATCH0075-ORD00449,ORD00449,2025-01-23,1921.42,38.43,6.92,1876.07,False,
SETT-BATCH0075-ORD00450,ORD00450,2025-01-23,23796.55,475.93,85.67,23234.95,False,
SETT-BATCH0076-ORD00451,ORD00451,2025-02-16,2846.91,56.94,10.25,2779.72,True,Risk Review
SETT-BATCH0076-ORD00452,ORD00452,2025-02-16,6191.7,123.83,22.29,6045.58,True,Risk Review
SETT-BATCH0076-ORD00453,ORD00453,2025-02-16,21187.07,423.74,76.27,20687.06,True,Risk Review
SETT-BATCH0076-ORD00454,ORD00454,2025-02-16,752.2,15.04,2.71,734.45,True,Risk Review
SETT-BATCH0076-ORD00455,ORD00455,2025-02-16,6244.84,124.9,22.48,6097.46,True,Risk Review
SETT-BATCH0076-ORD00456,ORD00456,2025-02-16,15240.63,304.81,54.87,14880.95,True,Risk Review
SETT-BATCH0077-ORD00457,ORD00457,2025-03-17,13544.03,270.88,48.76,13224.39,False,
SETT-BATCH0077-ORD00458,ORD00458,2025-03-17,760.25,15.21,2.74,742.3,False,
SETT-BATCH0077-ORD00459,ORD00459,2025-03-17,19832.64,396.65,71.4,19364.59,False,
SETT-BATCH0077-ORD00460,ORD00460,2025-03-17,40698.72,813.97,146.51,39738.24,False,
SETT-BATCH0077-ORD00461,ORD00461,2025-03-17,21398.16,427.96,77.03,20893.17,False,
SETT-BATCH0077-ORD00462,ORD00462,2025-03-17,9056.39,181.13,32.6,8842.66,False,
SETT-BATCH0078-ORD00463,ORD00463,2025-01-31,6996.17,139.92,25.19,6831.06,False,
SETT-BATCH0078-ORD00464,ORD00464,2025-01-31,1159.64,23.19,4.17,1132.28,False,
SETT-BATCH0078-ORD00465,ORD00465,2025-01-31,4422.56,88.45,15.92,4318.19,False,
SETT-BATCH0078-ORD00466,ORD00466,2025-01-31,4815.54,96.31,17.34,4701.89,False,
SETT-BATCH0078-ORD00467,ORD00467,2025-01-31,1177.87,23.56,4.24,1150.07,False,
SETT-BATCH0078-ORD00468,ORD00468,2025-01-31,930.62,18.61,3.35,908.66,False,
SETT-BATCH0079-ORD00469,ORD00469,2025-01-23,22829.4,456.59,82.19,22290.62,False,
SETT-BATCH0079-ORD00470,ORD00470,2025-01-23,5075.86,101.52,18.27,4956.07,False,
SETT-BATCH0079-ORD00471,ORD00471,2025-01-23,8334.54,166.69,30.0,8137.85,False,
SETT-BATCH0079-ORD00472,ORD00472,2025-01-23,8478.53,169.57,30.52,8278.44,False,
SETT-BATCH0079-ORD00473,ORD00473,2025-01-23,1407.51,28.15,5.07,1374.29,False,
SETT-BATCH0079-ORD00474,ORD00474,2025-01-23,592.81,11.86,2.13,578.82,False,
SETT-BATCH0080-ORD00475,ORD00475,2025-02-14,22560.66,451.21,81.22,22028.23,False,
SETT-BATCH0080-ORD00476,ORD00476,2025-02-14,3380.47,67.61,12.17,3300.69,False,
SETT-BATCH0080-ORD00477,ORD00477,2025-02-14,9927.89,198.56,35.74,9693.59,False,
SETT-BATCH0080-ORD00478,ORD00478,2025-02-14,3269.97,65.4,11.77,3192.8,False,
SETT-BATCH0080-ORD00479,ORD00479,2025-02-14,15811.25,316.23,56.92,15438.1,False,
SETT-BATCH0080-ORD00480,ORD00480,2025-02-14,2418.92,48.38,8.71,2361.83,False,
SETT-BATCH0081-ORD00481,ORD00481,2025-02-19,2527.29,50.55,9.1,2467.64,False,
SETT-BATCH0081-ORD00482,ORD00482,2025-02-19,5092.51,101.85,18.33,4972.33,False,
SETT-BATCH0081-ORD00483,ORD00483,2025-02-19,7252.51,145.05,26.11,7081.35,False,
SETT-BATCH0081-ORD00484,ORD00484,2025-02-19,15000.43,300.01,54.0,14646.42,False,
SETT-BATCH0081-ORD00485,ORD00485,2025-02-19,9333.97,186.68,33.6,9113.69,False,
SETT-BATCH0081-ORD00486,ORD00486,2025-02-19,42462.0,849.24,152.86,41459.9,False,
SETT-BATCH0082-ORD00487,ORD00487,2025-02-14,1563.25,31.27,5.63,1526.35,False,
SETT-BATCH0082-ORD00488,ORD00488,2025-02-14,1065.02,21.3,3.83,1039.89,False,
SETT-BATCH0082-ORD00489,ORD00489,2025-02-14,20051.75,401.04,72.19,19578.52,False,
SETT-BATCH0082-ORD00490,ORD00490,2025-02-14,11401.79,228.04,41.05,11132.7,False,
SETT-BATCH0082-ORD00491,ORD00491,2025-02-14,4894.62,97.89,17.62,4779.11,False,
SETT-BATCH0082-ORD00492,ORD00492,2025-02-14,1926.75,38.54,6.94,1881.27,False,
SETT-BATCH0083-ORD00493,ORD00493,2025-01-21,17294.06,345.88,62.26,16885.92,False,
SETT-BATCH0083-ORD00494,ORD00494,2025-01-21,28873.63,577.47,103.94,28192.22,False,
SETT-BATCH0083-ORD00495,ORD00495,2025-01-21,11517.11,230.34,41.46,11245.31,False,
SETT-BATCH0083-ORD00496,ORD00496,2025-01-21,23255.23,465.1,83.72,22706.41,False,
SETT-BATCH0083-ORD00497,ORD00497,2025-01-21,9011.14,180.22,32.44,8798.48,False,
SETT-BATCH0083-ORD00498,ORD00498,2025-01-21,1065.08,21.3,3.83,1039.95,False,
SETT-BATCH0084-ORD00499,ORD00499,2025-03-26,1539.27,30.79,5.54,1502.94,False,
SETT-BATCH0084-ORD00500,ORD00500,2025-03-26,12483.09,249.66,44.94,12188.49,False,
SETT-BATCH0084-ORD00501,ORD00501,2025-03-26,1046.45,20.93,3.77,1021.75,False,
SETT-BATCH0084-ORD00502,ORD00502,2025-03-26,40264.89,805.3,144.95,39314.64,False,
SETT-BATCH0084-ORD00503,ORD00503,2025-03-26,858.75,17.18,3.09,838.48,False,
SETT-BATCH0084-ORD00504,ORD00504,2025-03-26,12910.24,258.2,46.48,12605.56,False,
SETT-BATCH0085-ORD00505,ORD00505,2025-04-14,24766.6,495.33,89.16,24182.11,False,
SETT-BATCH0085-ORD00506,ORD00506,2025-04-14,21671.86,433.44,78.02,21160.4,False,
SETT-BATCH0085-ORD00507,ORD00507,2025-04-14,9730.15,194.6,35.03,9500.52,False,
SETT-BATCH0085-ORD00508,ORD00508,2025-04-14,12075.98,241.52,43.47,11790.99,False,
SETT-BATCH0085-ORD00509,ORD00509,2025-04-14,1220.89,24.42,4.4,1192.07,False,
SETT-BATCH0085-ORD00510,ORD00510,2025-04-14,2820.72,56.41,10.15,2754.16,False,
SETT-BATCH0086-ORD00511,ORD00511,2025-01-15,14275.95,285.52,51.39,13939.04,True,Risk Review
SETT-BATCH0086-ORD00512,ORD00512,2025-01-15,1857.96,37.16,6.69,1814.11,True,Risk Review
SETT-BATCH0086-ORD00513,ORD00513,2025-01-15,11375.7,227.51,40.95,11107.24,True,Risk Review
SETT-BATCH0086-ORD00514,ORD00514,2025-01-15,23269.45,465.39,83.77,22720.29,True,Risk Review
SETT-BATCH0086-ORD00515,ORD00515,2025-01-15,5171.63,103.43,18.62,5049.58,True,Risk Review
SETT-BATCH0086-ORD00516,ORD00516,2025-01-15,1991.79,39.84,7.17,1944.78,True,Risk Review
SETT-BATCH0087-ORD00517,ORD00517,2025-02-12,978.03,19.56,3.52,954.95,True,Risk Review
SETT-BATCH0087-ORD00518,ORD00518,2025-02-12,19749.41,394.99,71.1,19283.32,True,Risk Review
SETT-BATCH0087-ORD00519,ORD00519,2025-02-12,930.32,18.61,3.35,908.36,True,Risk Review
SETT-BATCH0087-ORD00520,ORD00520,2025-02-12,3110.34,62.21,11.2,3036.93,True,Risk Review
SETT-BATCH0087-ORD00521,ORD00521,2025-02-12,6922.79,138.46,24.92,6759.41,True,Risk Review
SETT-BATCH0087-ORD00522,ORD00522,2025-02-12,823.48,16.47,2.96,804.05,True,Risk Review
SETT-BATCH0088-ORD00523,ORD00523,2025-02-03,7817.88,156.36,28.14,7633.38,False,
SETT-BATCH0088-ORD00524,ORD00524,2025-02-03,8209.38,164.19,29.55,8015.64,False,
SETT-BATCH0088-ORD00525,ORD00525,2025-02-03,571.62,11.43,2.06,558.13,False,
SETT-BATCH0088-ORD00526,ORD00526,2025-02-03,6982.48,139.65,25.14,6817.69,False,
SETT-BATCH0088-ORD00527,ORD00527,2025-02-03,1857.72,37.15,6.69,1813.88,False,
SETT-BATCH0088-ORD00528,ORD00528,2025-02-03,7055.64,141.11,25.4,6889.13,False,
SETT-BATCH0089-ORD00529,ORD00529,2025-02-15,715.37,14.31,2.58,698.48,True,Risk Review
SETT-BATCH0089-ORD00530,ORD00530,2025-02-15,1029.22,20.58,3.7,1004.94,True,Risk Review
SETT-BATCH0089-ORD00531,ORD00531,2025-02-15,7314.97,146.3,26.33,7142.34,True,Risk Review
SETT-BATCH0089-ORD00532,ORD00532,2025-02-15,4884.83,97.7,17.59,4769.54,True,Risk Review
SETT-BATCH0089-ORD00533,ORD00533,2025-02-15,8291.3,165.83,29.85,8095.62,True,Risk Review
SETT-BATCH0089-ORD00534,ORD00534,2025-02-15,5123.63,102.47,18.44,5002.72,True,Risk Review
SETT-BATCH0090-ORD00535,ORD00535,2025-02-05,1080.32,21.61,3.89,1054.82,True,Risk Review
SETT-BATCH0090-ORD00536,ORD00536,2025-02-05,524.36,10.49,1.89,511.98,True,Risk Review
SETT-BATCH0090-ORD00537,ORD00537,2025-02-05,1599.41,31.99,5.76,1561.66,True,Risk Review
SETT-BATCH0090-ORD00538,ORD00538,2025-02-05,1372.85,27.46,4.94,1340.45,True,Risk Review
SETT-BATCH0090-ORD00539,ORD00539,2025-02-05,1028.45,20.57,3.7,1004.18,True,Risk Review
SETT-BATCH0090-ORD00540,ORD00540,2025-02-05,12626.34,252.53,45.46,12328.35,True,Risk Review
SETT-BATCH0091-ORD00541,ORD00541,2025-04-14,7563.11,151.26,27.23,7384.62,False,
SETT-BATCH0091-ORD00542,ORD00542,2025-04-14,702.28,14.05,2.53,685.7,False,
SETT-BATCH0091-ORD00543,ORD00543,2025-04-14,802.39,16.05,2.89,783.45,False,
SETT-BATCH0091-ORD00544,ORD00544,2025-04-14,14733.94,294.68,53.04,14386.22,False,
SETT-BATCH0091-ORD00545,ORD00545,2025-04-14,9912.98,198.26,35.69,9679.03,False,
SETT-BATCH0091-ORD00546,ORD00546,2025-04-14,2292.97,45.86,8.25,2238.86,False,
SETT-BATCH0092-ORD00547,ORD00547,2025-01-27,1035.46,20.71,3.73,1011.02,False,
SETT-BATCH0092-ORD00548,ORD00548,2025-01-27,14978.87,299.58,53.92,14625.37,False,
SETT-BATCH0092-ORD00549,ORD00549,2025-01-27,16554.27,331.09,59.6,16163.58,False,
SETT-BATCH0092-ORD00550,ORD00550,2025-01-27,9157.1,183.14,32.97,8940.99,False,
SETT-BATCH0092-ORD00551,ORD00551,2025-01-27,780.23,15.6,2.81,761.82,False,
SETT-BATCH0092-ORD00552,ORD00552,2025-01-27,9394.48,187.89,33.82,9172.77,False,
SETT-BATCH0093-ORD00553,ORD00553,2025-02-11,623.92,12.48,2.25,609.19,False,
SETT-BATCH0093-ORD00554,ORD00554,2025-02-11,1403.68,28.07,5.05,1370.56,False,
SETT-BATCH0093-ORD00555,ORD00555,2025-02-11,4569.69,91.39,16.45,4461.85,False,
SETT-BATCH0093-ORD00556,ORD00556,2025-02-11,943.46,18.87,3.4,921.19,False,
SETT-BATCH0093-ORD00557,ORD00557,2025-02-11,5408.93,108.18,19.47,5281.28,False,
SETT-BATCH0093-ORD00558,ORD00558,2025-02-11,5577.04,111.54,20.08,5445.42,False,
SETT-BATCH0094-ORD00559,ORD00559,2025-01-18,5479.52,109.59,19.73,5350.2,True,Risk Review
SETT-BATCH0094-ORD00560,ORD00560,2025-01-18,48697.61,973.95,175.31,47548.35,True,Risk Review
SETT-BATCH0094-ORD00561,ORD00561,2025-01-18,5249.68,104.99,18.9,5125.79,True,Risk Review
SETT-BATCH0094-ORD00562,ORD00562,2025-01-18,20191.16,403.82,72.69,19714.65,True,Risk Review
SETT-BATCH0094-ORD00563,ORD00563,2025-01-18,1411.36,28.23,5.08,1378.05,True,Risk Review
SETT-BATCH0094-ORD00564,ORD00564,2025-01-18,600.85,12.02,2.16,586.67,True,Risk Review
SETT-BATCH0095-ORD00565,ORD00565,2025-02-10,1074.28,21.49,3.87,1048.92,False,
SETT-BATCH0095-ORD00566,ORD00566,2025-02-10,730.16,14.6,2.63,712.93,False,
SETT-BATCH0095-ORD00567,ORD00567,2025-02-10,15580.2,311.6,56.09,15212.51,False,
SETT-BATCH0095-ORD00568,ORD00568,2025-02-10,6235.68,124.71,22.45,6088.52,False,
SETT-BATCH0095-ORD00569,ORD00569,2025-02-10,918.03,18.36,3.3,896.37,False,
SETT-BATCH0095-ORD00570,ORD00570,2025-02-10,779.07,15.58,2.8,760.69,False,
SETT-BATCH0096-ORD00571,ORD00571,2025-02-08,1342.51,26.85,4.83,1310.83,True,Risk Review
SETT-BATCH0096-ORD00572,ORD00572,2025-02-08,20560.57,411.21,74.02,20075.34,True,Risk Review
SETT-BATCH0096-ORD00573,ORD00573,2025-02-08,32139.42,642.79,115.7,31380.93,True,Risk Review
SETT-BATCH0096-ORD00574,ORD00574,2025-02-08,703.59,14.07,2.53,686.99,True,Risk Review
SETT-BATCH0096-ORD00575,ORD00575,2025-02-08,9189.43,183.79,33.08,8972.56,True,Risk Review
SETT-BATCH0096-ORD00576,ORD00576,2025-02-08,45262.83,905.26,162.95,44194.62,True,Risk Review
SETT-BATCH0097-ORD00577,ORD00577,2025-03-15,7676.32,153.53,27.64,7495.15,False,
SETT-BATCH0097-ORD00578,ORD00578,2025-03-15,9130.65,182.61,32.87,8915.17,False,
SETT-BATCH0097-ORD00579,ORD00579,2025-03-15,9418.6,188.37,33.91,9196.32,False,
SETT-BATCH0097-ORD00580,ORD00580,2025-03-15,1042.24,20.84,3.75,1017.65,False,
SETT-BATCH0097-ORD00581,ORD00581,2025-03-15,801.47,16.03,2.89,782.55,False,
SETT-BATCH0097-ORD00582,ORD00582,2025-03-15,1241.03,24.82,4.47,1211.74,False,
SETT-BATCH0098-ORD00583,ORD00583,2025-02-05,4951.29,99.03,17.83,4834.43,False,
SETT-BATCH0098-ORD00584,ORD00584,2025-02-05,1826.37,36.53,6.58,1783.26,False,
SETT-BATCH0098-ORD00585,ORD00585,2025-02-05,1999.39,39.99,7.2,1952.2,False,
SETT-BATCH0098-ORD00586,ORD00586,2025-02-05,8153.32,163.07,29.35,7960.9,False,
SETT-BATCH0098-ORD00587,ORD00587,2025-02-05,1958.57,39.17,7.05,1912.35,False,
SETT-BATCH0098-ORD00588,ORD00588,2025-02-05,1198.75,23.98,4.32,1170.45,False,
SETT-BATCH0099-ORD00589,ORD00589,2025-01-31,1816.94,36.34,6.54,1774.06,False,
SETT-BATCH0099-ORD00590,ORD00590,2025-01-31,3455.71,69.11,12.44,3374.16,False,
SETT-BATCH0099-ORD00591,ORD00591,2025-01-31,9285.7,185.71,33.43,9066.56,False,
SETT-BATCH0099-ORD00592,ORD00592,2025-01-31,17771.53,355.43,63.98,17352.12,False,
SETT-BATCH0099-ORD00593,ORD00593,2025-01-31,983.99,19.68,3.54,960.77,False,
SETT-BATCH0099-ORD00594,ORD00594,2025-01-31,1921.22,38.42,6.92,1875.88,False,
SETT-BATCH0100-ORD00595,ORD00595,2025-05-10,22689.01,453.78,81.68,22153.55,False,
SETT-BATCH0100-ORD00596,ORD00596,2025-05-10,1934.53,38.69,6.96,1888.88,False,
SETT-BATCH0100-ORD00597,ORD00597,2025-05-10,954.24,19.08,3.43,931.73,False,
SETT-BATCH0100-ORD00598,ORD00598,2025-05-10,1461.48,29.23,5.26,1426.99,False,
SETT-BATCH0100-ORD00599,ORD00599,2025-05-10,12312.91,394.02,70.92,11847.97,False,
SETT-BATCH0100-ORD00600,ORD00600,2025-05-10,9216.01,184.32,33.18,8998.51,False,
SETT-BATCH0101-ORD00601,ORD00601,2025-01-17,18454.27,369.09,66.44,18018.74,False,
SETT-BATCH0101-ORD00602,ORD00602,2025-01-17,1922.82,38.46,6.92,1877.44,False,
SETT-BATCH0101-ORD00603,ORD00603,2025-01-17,816.21,16.32,2.94,796.95,False,
SETT-BATCH0101-ORD00604,ORD00604,2025-01-17,7111.93,142.24,25.6,6944.09,False,
SETT-BATCH0101-ORD00605,ORD00605,2025-01-17,18183.66,363.67,65.46,17754.53,False,
SETT-BATCH0101-ORD00606,ORD00606,2025-01-17,37073.62,741.47,133.46,36198.69,False,
SETT-BATCH0102-ORD00607,ORD00607,2025-03-16,5628.35,112.57,20.26,5495.52,True,Risk Review
SETT-BATCH0102-ORD00608,ORD00608,2025-03-16,1159.41,23.19,4.17,1132.05,True,Risk Review
SETT-BATCH0102-ORD00609,ORD00609,2025-03-16,4721.54,94.43,17.0,4610.11,True,Risk Review
SETT-BATCH0102-ORD00610,ORD00610,2025-03-16,1577.54,31.55,5.68,1540.31,True,Risk Review
SETT-BATCH0102-ORD00611,ORD00611,2025-03-16,28269.15,565.38,101.77,27602.0,True,Risk Review
SETT-BATCH0102-ORD00612,ORD00612,2025-03-16,2849.47,56.99,10.26,2782.22,True,Risk Review
SETT-BATCH0103-ORD00613,ORD00613,2025-03-24,4139.77,82.8,14.9,4042.07,False,
SETT-BATCH0103-ORD00614,ORD00614,2025-03-24,575.91,11.52,2.07,562.32,False,
SETT-BATCH0103-ORD00615,ORD00615,2025-03-24,16272.02,520.7,93.73,15657.59,False,
SETT-BATCH0103-ORD00616,ORD00616,2025-03-24,24006.27,480.13,86.42,23439.72,False,
SETT-BATCH0103-ORD00617,ORD00617,2025-03-24,739.01,14.78,2.66,721.57,False,
SETT-BATCH0103-ORD00618,ORD00618,2025-03-24,9032.61,180.65,32.52,8819.44,False,
SETT-BATCH0104-ORD00619,ORD00619,2025-02-26,1917.85,38.36,6.9,1872.59,False,
SETT-BATCH0104-ORD00620,ORD00620,2025-02-26,3925.83,78.52,14.13,3833.18,False,
SETT-BATCH0104-ORD00621,ORD00621,2025-02-26,575.81,11.52,2.07,562.22,False,
SETT-BATCH0104-ORD00622,ORD00622,2025-02-26,8742.8,174.86,31.47,8536.47,False,
SETT-BATCH0104-ORD00623,ORD00623,2025-02-26,6293.53,125.87,22.66,6145.0,False,
SETT-BATCH0104-ORD00624,ORD00624,2025-02-26,9059.65,181.19,32.61,8845.85,False,
SETT-BATCH0105-ORD00625,ORD00625,2025-02-21,15489.06,309.78,55.76,15123.52,False,
SETT-BATCH0105-ORD00626,ORD00626,2025-02-21,1342.73,26.85,4.83,1311.05,False,
SETT-BATCH0105-ORD00627,ORD00627,2025-02-21,2588.25,51.77,9.32,2527.16,False,
SETT-BATCH0105-ORD00628,ORD00628,2025-02-21,6398.86,127.98,23.04,6247.84,False,
SETT-BATCH0105-ORD00629,ORD00629,2025-02-21,2950.49,59.01,10.62,2880.86,False,
SETT-BATCH0105-ORD00630,ORD00630,2025-02-21,1692.35,33.85,6.09,1652.41,False,
SETT-BATCH0106-ORD00631,ORD00631,2025-03-17,4924.85,98.5,17.73,4808.62,False,
SETT-BATCH0106-ORD00632,ORD00632,2025-03-17,1263.68,25.27,4.55,1233.86,False,
SETT-BATCH0106-ORD00633,ORD00633,2025-03-17,558.37,11.17,2.01,545.19,False,
SETT-BATCH0106-ORD00634,ORD00634,2025-03-17,17789.99,355.8,64.04,17370.15,False,
SETT-BATCH0106-ORD00635,ORD00635,2025-03-17,6124.05,122.48,22.05,5979.52,False,
SETT-BATCH0106-ORD00636,ORD00636,2025-03-17,14777.95,295.56,53.2,14429.19,False,
SETT-BATCH0107-ORD00637,ORD00637,2025-06-04,43482.98,869.66,156.54,42456.78,False,
SETT-BATCH0107-ORD00638,ORD00638,2025-06-04,6058.52,121.17,21.81,5915.54,False,
SETT-BATCH0107-ORD00639,ORD00639,2025-06-04,7669.92,153.4,27.61,7488.91,False,
SETT-BATCH0107-ORD00640,ORD00640,2025-06-04,2133.1,42.66,7.68,2082.76,False,
SETT-BATCH0107-ORD00641,ORD00641,2025-06-04,9839.18,196.78,35.42,9606.98,False,
SETT-BATCH0107-ORD00642,ORD00642,2025-06-04,1848.15,36.96,6.65,1804.54,False,
SETT-BATCH0108-ORD00643,ORD00643,2025-05-17,6775.28,135.51,24.39,6615.38,False,
SETT-BATCH0108-ORD00644,ORD00644,2025-05-17,44572.6,891.45,160.46,43520.69,False,
SETT-BATCH0108-ORD00645,ORD00645,2025-05-17,7771.2,155.42,27.98,7587.8,False,
SETT-BATCH0108-ORD00646,ORD00646,2025-05-17,6193.86,123.88,22.3,6047.68,False,
SETT-BATCH0108-ORD00647,ORD00647,2025-05-17,15702.86,314.06,56.53,15332.27,False,
SETT-BATCH0108-ORD00648,ORD00648,2025-05-17,1358.86,27.18,4.89,1326.79,False,
SETT-BATCH0109-ORD00649,ORD00649,2025-02-02,528.41,10.57,1.9,515.94,False,
SETT-BATCH0109-ORD00650,ORD00650,2025-02-02,5303.68,106.07,19.09,5178.52,False,
SETT-BATCH0109-ORD00651,ORD00651,2025-02-02,8199.78,164.0,29.52,8006.26,False,
SETT-BATCH0109-ORD00652,ORD00652,2025-02-02,21037.56,420.75,75.73,20541.08,False,
SETT-BATCH0109-ORD00653,ORD00653,2025-02-02,6149.47,122.99,22.14,6004.34,False,
SETT-BATCH0109-ORD00654,ORD00654,2025-02-02,1493.34,29.87,5.38,1458.09,False,
SETT-BATCH0110-ORD00655,ORD00655,2025-05-24,1935.03,38.7,6.97,1889.36,False,
SETT-BATCH0110-ORD00656,ORD00656,2025-05-24,15134.91,302.7,54.49,14777.72,False,
SETT-BATCH0110-ORD00657,ORD00657,2025-05-24,8941.24,178.82,32.19,8730.23,False,
SETT-BATCH0110-ORD00658,ORD00658,2025-05-24,7546.51,150.93,27.17,7368.41,False,
SETT-BATCH0110-ORD00659,ORD00659,2025-05-24,9658.7,193.17,34.77,9430.76,False,
SETT-BATCH0110-ORD00660,ORD00660,2025-05-24,3798.94,75.98,13.68,3709.28,False,
SETT-BATCH0111-ORD00661,ORD00661,2025-05-22,20573.51,411.47,74.06,20087.98,False,
SETT-BATCH0111-ORD00662,ORD00662,2025-05-22,4536.33,90.73,16.33,4429.27,False,
SETT-BATCH0111-ORD00663,ORD00663,2025-05-22,9475.88,189.52,34.11,9252.25,False,
SETT-BATCH0111-ORD00664,ORD00664,2025-05-22,1360.22,27.2,4.9,1328.12,False,
SETT-BATCH0111-ORD00665,ORD00665,2025-05-22,1970.24,39.4,7.09,1923.75,False,
SETT-BATCH0111-ORD00666,ORD00666,2025-05-22,45115.4,902.31,162.42,44050.67,False,
SETT-BATCH0112-ORD00667,ORD00667,2025-02-11,1932.97,38.66,6.96,1887.35,False,
SETT-BATCH0112-ORD00668,ORD00668,2025-02-11,1163.56,23.27,4.19,1136.1,False,
SETT-BATCH0112-ORD00669,ORD00669,2025-02-11,3711.89,74.24,13.36,3624.29,False,
SETT-BATCH0112-ORD00670,ORD00670,2025-02-11,1343.03,26.86,4.83,1311.34,False,
SETT-BATCH0112-ORD00671,ORD00671,2025-02-11,1423.52,28.47,5.12,1389.93,False,
SETT-BATCH0112-ORD00672,ORD00672,2025-02-11,576.15,18.43,3.32,554.4,False,
SETT-BATCH0113-ORD00673,ORD00673,2025-02-22,849.25,16.98,3.06,829.21,False,
SETT-BATCH0113-ORD00674,ORD00674,2025-02-22,7738.86,154.78,27.86,7556.22,False,
SETT-BATCH0113-ORD00675,ORD00675,2025-02-22,3099.74,61.99,11.16,3026.59,False,
SETT-BATCH0113-ORD00676,ORD00676,2025-02-22,28948.53,578.97,104.21,28265.35,False,
SETT-BATCH0113-ORD00677,ORD00677,2025-02-22,23175.99,463.52,83.43,22629.04,False,
SETT-BATCH0113-ORD00678,ORD00678,2025-02-22,8047.29,160.95,28.97,7857.37,False,
SETT-BATCH0114-ORD00679,ORD00679,2025-01-22,1468.85,29.38,5.29,1434.18,False,
SETT-BATCH0114-ORD00680,ORD00680,2025-01-22,3857.76,77.16,13.89,3766.71,False,
SETT-BATCH0114-ORD00681,ORD00681,2025-01-22,12625.97,252.52,45.45,12328.0,False,
SETT-BATCH0114-ORD00682,ORD00682,2025-01-22,10545.1,210.9,37.96,10296.24,False,
SETT-BATCH0114-ORD00683,ORD00683,2025-01-22,12794.67,255.89,46.06,12492.72,False,
SETT-BATCH0114-ORD00684,ORD00684,2025-01-22,10139.01,202.78,36.5,9899.73,False,
SETT-BATCH0115-ORD00685,ORD00685,2025-03-10,9427.64,188.55,33.94,9205.15,False,
SETT-BATCH0115-ORD00686,ORD00686,2025-03-10,1983.65,39.67,7.14,1936.84,False,
SETT-BATCH0115-ORD00687,ORD00687,2025-03-10,9114.08,182.28,32.81,8898.99,False,
SETT-BATCH0115-ORD00688,ORD00688,2025-03-10,17020.31,340.41,61.27,16618.63,False,
SETT-BATCH0115-ORD00689,ORD00689,2025-03-10,14960.26,299.21,53.86,14607.19,False,
SETT-BATCH0115-ORD00690,ORD00690,2025-03-10,7748.79,154.98,27.9,7565.91,False,
SETT-BATCH0116-ORD00691,ORD00691,2025-01-09,8326.14,166.52,29.97,8129.65,False,
SETT-BATCH0116-ORD00692,ORD00692,2025-01-09,3545.29,70.91,12.76,3461.62,False,
SETT-BATCH0116-ORD00693,ORD00693,2025-01-09,23455.64,469.11,84.44,22902.09,False,
SETT-BATCH0116-ORD00694,ORD00694,2025-01-09,2693.9,53.88,9.7,2630.32,False,
SETT-BATCH0116-ORD00695,ORD00695,2025-01-09,1972.53,39.45,7.1,1925.98,False,
SETT-BATCH0116-ORD00696,ORD00696,2025-01-09,872.07,17.44,3.14,851.49,False,
SETT-BATCH0117-ORD00697,ORD00697,2025-05-15,1170.1,23.4,4.21,1142.49,False,
SETT-BATCH0117-ORD00698,ORD00698,2025-05-15,32548.65,650.97,117.17,31780.51,False,
SETT-BATCH0117-ORD00699,ORD00699,2025-05-15,1480.53,29.61,5.33,1445.59,False,
SETT-BATCH0117-ORD00700,ORD00700,2025-05-15,1501.68,48.05,8.65,1444.98,False,
SETT-BATCH0117-ORD00701,ORD00701,2025-05-15,1108.12,22.16,3.99,1081.97,False,
SETT-BATCH0117-ORD00702,ORD00702,2025-05-15,23317.02,466.34,83.94,22766.74,False,
SETT-BATCH0118-ORD00703,ORD00703,2025-03-11,7109.69,142.19,25.59,6941.91,False,
SETT-BATCH0118-ORD00704,ORD00704,2025-03-11,831.27,16.63,2.99,811.65,False,
SETT-BATCH0118-ORD00705,ORD00705,2025-03-11,5639.83,112.8,20.3,5506.73,False,
SETT-BATCH0118-ORD00706,ORD00706,2025-03-11,1552.91,31.06,5.59,1516.26,False,
SETT-BATCH0118-ORD00707,ORD00707,2025-03-11,22029.92,440.6,79.31,21510.01,False,
SETT-BATCH0118-ORD00708,ORD00708,2025-03-11,20205.13,404.1,72.74,19728.29,False,
SETT-BATCH0119-ORD00709,ORD00709,2025-03-02,11228.05,224.56,40.42,10963.07,False,
SETT-BATCH0119-ORD00710,ORD00710,2025-03-02,4894.28,97.89,17.62,4778.77,False,
SETT-BATCH0119-ORD00711,ORD00711,2025-03-02,1743.16,34.86,6.27,1702.03,False,
SETT-BATCH0119-ORD00712,ORD00712,2025-03-02,1304.99,26.1,4.7,1274.19,False,
SETT-BATCH0119-ORD00713,ORD00713,2025-03-02,1280.51,25.61,4.61,1250.29,False,
SETT-BATCH0119-ORD00714,ORD00714,2025-03-02,7735.34,154.71,27.85,7552.78,False,
SETT-BATCH0120-ORD00715,ORD00715,2025-01-30,1265.56,25.31,4.56,1235.69,False,
SETT-BATCH0120-ORD00716,ORD00716,2025-01-30,6105.98,122.12,21.98,5961.88,False,
SETT-BATCH0120-ORD00717,ORD00717,2025-01-30,6470.38,129.41,23.29,6317.68,False,
SETT-BATCH0120-ORD00718,ORD00718,2025-01-30,20849.2,416.98,75.06,20357.16,False,
SETT-BATCH0120-ORD00719,ORD00719,2025-01-30,504.52,10.09,1.82,492.61,False,
SETT-BATCH0120-ORD00720,ORD00720,2025-01-30,2362.32,47.25,8.5,2306.57,False,
SETT-BATCH0121-ORD00721,ORD00721,2025-02-01,6329.31,126.59,22.79,6179.93,False,
SETT-BATCH0121-ORD00722,ORD00722,2025-02-01,11035.29,220.71,39.73,10774.85,False,
SETT-BATCH0121-ORD00723,ORD00723,2025-02-01,1113.3,22.27,4.01,1087.02,False,
SETT-BATCH0121-ORD00724,ORD00724,2025-02-01,24675.0,493.5,88.83,24092.67,False,
SETT-BATCH0121-ORD00725,ORD00725,2025-02-01,34361.52,687.23,123.7,33550.59,False,
SETT-BATCH0121-ORD00726,ORD00726,2025-02-01,9336.92,186.74,33.61,9116.57,False,
SETT-BATCH0122-ORD00727,ORD00727,2025-04-26,1524.1,30.48,5.49,1488.13,False,
SETT-BATCH0122-ORD00728,ORD00728,2025-04-26,11994.85,239.9,43.18,11711.77,False,
SETT-BATCH0122-ORD00729,ORD00729,2025-04-26,1989.27,39.79,7.16,1942.32,False,
SETT-BATCH0122-ORD00730,ORD00730,2025-04-26,7822.87,156.46,28.16,7638.25,False,
SETT-BATCH0122-ORD00731,ORD00731,2025-04-26,21342.69,426.85,76.83,20839.01,False,
SETT-BATCH0122-ORD00732,ORD00732,2025-04-26,7752.75,155.06,27.91,7569.78,False,
SETT-BATCH0123-ORD00733,ORD00733,2025-01-09,8586.88,171.74,30.91,8384.23,False,
SETT-BATCH0123-ORD00734,ORD00734,2025-01-09,3240.97,64.82,11.67,3164.48,False,
SETT-BATCH0123-ORD00735,ORD00735,2025-01-09,20875.36,417.51,75.15,20382.7,False,
SETT-BATCH0123-ORD00736,ORD00736,2025-01-09,1490.3,29.81,5.37,1455.12,False,
SETT-BATCH0123-ORD00737,ORD00737,2025-01-09,23256.35,465.13,83.72,22707.5,False,
SETT-BATCH0123-ORD00738,ORD00738,2025-01-09,600.94,12.02,2.16,586.76,False,
SETT-BATCH0124-ORD00739,ORD00739,2025-01-24,1396.68,27.93,5.03,1363.72,False,
SETT-BATCH0124-ORD00740,ORD00740,2025-01-24,13671.01,273.42,49.22,13348.37,False,
SETT-BATCH0124-ORD00741,ORD00741,2025-01-24,3874.71,77.49,13.95,3783.27,False,
SETT-BATCH0124-ORD00742,ORD00742,2025-01-24,21640.95,432.82,77.91,21130.22,False,
SETT-BATCH0124-ORD00743,ORD00743,2025-01-24,4314.11,86.28,15.53,4212.3,False,
SETT-BATCH0124-ORD00744,ORD00744,2025-01-24,1396.88,27.94,5.03,1363.91,False,
SETT-BATCH0125-ORD00745,ORD00745,2025-01-27,13553.56,271.07,48.79,13233.7,False,
SETT-BATCH0125-ORD00746,ORD00746,2025-01-27,38031.28,760.63,136.91,37133.74,False,
SETT-BATCH0125-ORD00747,ORD00747,2025-01-27,591.44,11.83,2.13,577.48,False,
SETT-BATCH0125-ORD00748,ORD00748,2025-01-27,23673.66,473.47,85.22,23114.97,False,
SETT-BATCH0125-ORD00749,ORD00749,2025-01-27,6446.81,128.94,23.21,6294.66,False,
SETT-BATCH0125-ORD00750,ORD00750,2025-01-27,48539.66,970.79,174.74,47394.13,False,
SETT-BATCH0126-ORD00751,ORD00751,2025-01-31,1286.69,25.73,4.63,1256.33,False,
SETT-BATCH0126-ORD00752,ORD00752,2025-01-31,3193.74,63.87,11.5,3118.37,False,
SETT-BATCH0126-ORD00753,ORD00753,2025-01-31,1306.89,26.14,4.71,1276.04,False,
SETT-BATCH0126-ORD00754,ORD00754,2025-01-31,14511.05,290.22,52.24,14168.59,False,
SETT-BATCH0126-ORD00755,ORD00755,2025-01-31,1194.54,23.89,4.3,1166.35,False,
SETT-BATCH0126-ORD00756,ORD00756,2025-01-31,9742.29,194.85,35.07,9512.37,False,
SETT-BATCH0127-ORD00757,ORD00757,2025-04-08,5107.35,102.15,18.39,4986.81,False,
SETT-BATCH0127-ORD00758,ORD00758,2025-04-08,1470.06,29.4,5.29,1435.37,False,
SETT-BATCH0127-ORD00759,ORD00759,2025-04-08,11386.96,227.74,40.99,11118.23,False,
SETT-BATCH0127-ORD00760,ORD00760,2025-04-08,1065.75,21.32,3.84,1040.59,False,
SETT-BATCH0127-ORD00761,ORD00761,2025-04-08,8988.96,179.78,32.36,8776.82,False,
SETT-BATCH0127-ORD00762,ORD00762,2025-04-08,18813.76,376.28,67.73,18369.75,False,
SETT-BATCH0128-ORD00763,ORD00763,2025-03-04,5835.15,116.7,21.01,5697.44,False,
SETT-BATCH0128-ORD00764,ORD00764,2025-03-04,1863.49,37.27,6.71,1819.51,False,
SETT-BATCH0128-ORD00765,ORD00765,2025-03-04,24431.16,488.62,87.95,23854.59,False,
SETT-BATCH0128-ORD00766,ORD00766,2025-03-04,8034.65,160.69,28.92,7845.04,False,
SETT-BATCH0128-ORD00767,ORD00767,2025-03-04,7630.15,152.6,27.47,7450.08,False,
SETT-BATCH0128-ORD00768,ORD00768,2025-03-04,18281.19,365.62,65.81,17849.76,False,
SETT-BATCH0129-ORD00769,ORD00769,2025-04-16,1300.48,26.01,4.68,1269.79,False,
SETT-BATCH0129-ORD00770,ORD00770,2025-04-16,1039.47,20.79,3.74,1014.94,False,
SETT-BATCH0129-ORD00771,ORD00771,2025-04-16,8422.53,168.45,30.32,8223.76,False,
SETT-BATCH0129-ORD00772,ORD00772,2025-04-16,14803.5,296.07,53.29,14454.14,False,
SETT-BATCH0129-ORD00773,ORD00773,2025-04-16,1120.9,22.42,4.04,1094.44,False,
SETT-BATCH0129-ORD00774,ORD00774,2025-04-16,21118.79,422.38,76.03,20620.38,False,
SETT-BATCH0130-ORD00775,ORD00775,2025-01-10,1902.14,38.04,6.85,1857.25,True,Risk Review
SETT-BATCH0130-ORD00776,ORD00776,2025-01-10,4361.54,87.23,15.7,4258.61,True,Risk Review
SETT-BATCH0130-ORD00777,ORD00777,2025-01-10,1069.76,21.4,3.85,1044.51,True,Risk Review
SETT-BATCH0130-ORD00778,ORD00778,2025-01-10,7236.86,144.74,26.05,7066.07,True,Risk Review
SETT-BATCH0130-ORD00779,ORD00779,2025-01-10,1645.04,32.9,5.92,1606.22,True,Risk Review
SETT-BATCH0130-ORD00780,ORD00780,2025-01-10,41042.36,820.85,147.75,40073.76,True,Risk Review
SETT-BATCH0131-ORD00781,ORD00781,2025-01-05,7862.18,157.24,28.3,7676.64,False,
SETT-BATCH0131-ORD00782,ORD00782,2025-01-05,1580.47,31.61,5.69,1543.17,False,
SETT-BATCH0131-ORD00783,ORD00783,2025-01-05,1834.05,36.68,6.6,1790.77,False,
SETT-BATCH0131-ORD00784,ORD00784,2025-01-05,38098.61,761.97,137.15,37199.49,False,
SETT-BATCH0131-ORD00785,ORD00785,2025-01-05,20023.23,400.46,72.08,19550.69,False,
SETT-BATCH0131-ORD00786,ORD00786,2025-01-05,8740.36,174.81,31.47,8534.08,False,
SETT-BATCH0132-ORD00787,ORD00787,2025-04-23,726.54,14.53,2.62,709.39,False,
SETT-BATCH0132-ORD00788,ORD00788,2025-04-23,4985.61,99.71,17.95,4867.95,False,
SETT-BATCH0132-ORD00789,ORD00789,2025-04-23,9471.23,189.42,34.1,9247.71,False,
SETT-BATCH0132-ORD00790,ORD00790,2025-04-23,2125.85,42.52,7.65,2075.68,False,
SETT-BATCH0132-ORD00791,ORD00791,2025-04-23,2094.81,41.9,7.54,2045.37,False,
SETT-BATCH0132-ORD00792,ORD00792,2025-04-23,6285.9,125.72,22.63,6137.55,False,
SETT-BATCH0133-ORD00793,ORD00793,2025-03-19,1719.74,34.39,6.19,1679.16,False,
SETT-BATCH0133-ORD00794,ORD00794,2025-03-19,9517.7,190.35,34.26,9293.09,False,
SETT-BATCH0133-ORD00795,ORD00795,2025-03-19,644.47,12.89,2.32,629.26,False,
SETT-BATCH0133-ORD00796,ORD00796,2025-03-19,1429.67,28.59,5.15,1395.93,False,
SETT-BATCH0133-ORD00797,ORD00797,2025-03-19,14009.87,280.2,50.44,13679.23,False,
SETT-BATCH0133-ORD00798,ORD00798,2025-03-19,1938.95,38.78,6.98,1893.19,False,
SETT-BATCH0134-ORD00799,ORD00799,2025-01-18,9921.86,198.44,35.72,9687.7,False,
SETT-BATCH0134-ORD00800,ORD00800,2025-01-18,1742.09,34.84,6.27,1700.98,False,
SETT-BATCH0134-ORD00801,ORD00801,2025-01-18,8865.75,177.31,31.92,8656.52,False,
SETT-BATCH0134-ORD00802,ORD00802,2025-01-18,1068.9,21.38,3.85,1043.67,False,
SETT-BATCH0134-ORD00803,ORD00803,2025-01-18,7093.98,141.88,25.54,6926.56,False,
SETT-BATCH0134-ORD00804,ORD00804,2025-01-18,1249.79,25.0,4.5,1220.29,False,
SETT-BATCH0135-ORD00805,ORD00805,2025-02-10,4650.16,93.0,16.74,4540.42,False,
SETT-BATCH0135-ORD00806,ORD00806,2025-02-10,23787.28,475.75,85.63,23225.9,False,
SETT-BATCH0135-ORD00807,ORD00807,2025-02-10,1802.18,36.04,6.49,1759.65,False,
SETT-BATCH0135-ORD00808,ORD00808,2025-02-10,2372.5,47.45,8.54,2316.51,False,
SETT-BATCH0135-ORD00809,ORD00809,2025-02-10,4242.98,84.86,15.27,4142.85,False,
SETT-BATCH0135-ORD00810,ORD00810,2025-02-10,2263.21,45.26,8.15,2209.8,False,
SETT-BATCH0136-ORD00811,ORD00811,2025-03-16,810.74,16.21,2.92,791.61,False,
SETT-BATCH0136-ORD00812,ORD00812,2025-03-16,20690.67,413.81,74.49,20202.37,False,
SETT-BATCH0136-ORD00813,ORD00813,2025-03-16,14489.15,289.78,52.16,14147.21,False,
SETT-BATCH0136-ORD00814,ORD00814,2025-03-16,1751.98,35.04,6.31,1710.63,False,
SETT-BATCH0136-ORD00815,ORD00815,2025-03-16,6324.5,126.49,22.77,6175.24,False,
SETT-BATCH0136-ORD00816,ORD00816,2025-03-16,12099.26,241.99,43.56,11813.71,False,
SETT-BATCH0137-ORD00817,ORD00817,2025-01-17,6006.34,120.13,21.62,5864.59,False,
SETT-BATCH0137-ORD00818,ORD00818,2025-01-17,1155.63,23.11,4.16,1128.36,False,
SETT-BATCH0137-ORD00819,ORD00819,2025-01-17,1653.51,33.07,5.95,1614.49,False,
SETT-BATCH0137-ORD00820,ORD00820,2025-01-17,1660.33,33.21,5.98,1621.14,False,
SETT-BATCH0137-ORD00821,ORD00821,2025-01-17,8268.39,165.37,29.77,8073.25,False,
SETT-BATCH0137-ORD00822,ORD00822,2025-01-17,4846.49,96.93,17.45,4732.11,False,
SETT-BATCH0138-ORD00823,ORD00823,2025-02-13,7437.56,148.75,26.77,7262.04,False,
SETT-BATCH0138-ORD00824,ORD00824,2025-02-13,1658.25,33.16,5.97,1619.12,False,
SETT-BATCH0138-ORD00825,ORD00825,2025-02-13,20696.63,413.93,74.51,20208.19,False,
SETT-BATCH0138-ORD00826,ORD00826,2025-02-13,1070.0,21.4,3.85,1044.75,False,
SETT-BATCH0138-ORD00827,ORD00827,2025-02-13,1084.43,21.69,3.9,1058.84,False,
SETT-BATCH0138-ORD00828,ORD00828,2025-02-13,507.79,10.16,1.83,495.8,False,
SETT-BATCH0139-ORD00829,ORD00829,2025-02-18,8090.77,161.82,29.13,7899.82,False,
SETT-BATCH0139-ORD00830,ORD00830,2025-02-18,781.09,15.62,2.81,762.66,False,
SETT-BATCH0139-ORD00831,ORD00831,2025-02-18,6099.53,121.99,21.96,5955.58,False,
SETT-BATCH0139-ORD00832,ORD00832,2025-02-18,1030.87,20.62,3.71,1006.54,False,
SETT-BATCH0139-ORD00833,ORD00833,2025-02-18,8275.51,165.51,29.79,8080.21,False,
SETT-BATCH0139-ORD00834,ORD00834,2025-02-18,1120.72,22.41,4.03,1094.28,False,
SETT-BATCH0140-ORD00835,ORD00835,2025-02-10,6476.29,129.53,23.32,6323.44,False,
SETT-BATCH0140-ORD00836,ORD00836,2025-02-10,3356.66,107.41,19.33,3229.92,False,
SETT-BATCH0140-ORD00837,ORD00837,2025-02-10,903.38,18.07,3.25,882.06,False,
SETT-BATCH0140-ORD00838,ORD00838,2025-02-10,2506.14,50.12,9.02,2447.0,False,
SETT-BATCH0140-ORD00839,ORD00839,2025-02-10,949.63,18.99,3.42,927.22,False,
SETT-BATCH0140-ORD00840,ORD00840,2025-02-10,1916.33,38.33,6.9,1871.1,False,
SETT-BATCH0141-ORD00841,ORD00841,2025-06-15,6933.35,138.67,24.96,6769.72,False,
SETT-BATCH0141-ORD00842,ORD00842,2025-06-15,956.99,19.14,3.45,934.4,False,
SETT-BATCH0141-ORD00843,ORD00843,2025-06-15,1430.29,28.61,5.15,1396.53,False,
SETT-BATCH0141-ORD00844,ORD00844,2025-06-15,5444.93,108.9,19.6,5316.43,False,
SETT-BATCH0141-ORD00845,ORD00845,2025-06-15,28403.11,568.06,102.25,27732.8,False,
SETT-BATCH0141-ORD00846,ORD00846,2025-06-15,7562.34,151.25,27.22,7383.87,False,
SETT-BATCH0142-ORD00847,ORD00847,2025-04-14,1946.86,38.94,7.01,1900.91,False,
SETT-BATCH0142-ORD00848,ORD00848,2025-04-14,1542.44,30.85,5.55,1506.04,False,
SETT-BATCH0142-ORD00849,ORD00849,2025-04-14,44549.36,890.99,160.38,43497.99,False,
SETT-BATCH0142-ORD00850,ORD00850,2025-04-14,1724.74,34.49,6.21,1684.04,False,
SETT-BATCH0142-ORD00851,ORD00851,2025-04-14,1898.1,37.96,6.83,1853.31,False,
SETT-BATCH0142-ORD00852,ORD00852,2025-04-14,6365.03,127.3,22.91,6214.82,False,
SETT-BATCH0143-ORD00853,ORD00853,2025-05-31,10403.74,208.07,37.45,10158.22,False,
SETT-BATCH0143-ORD00854,ORD00854,2025-05-31,13144.73,262.89,47.32,12834.52,False,
SETT-BATCH0143-ORD00855,ORD00855,2025-05-31,11037.38,220.75,39.73,10776.9,False,
SETT-BATCH0143-ORD00856,ORD00856,2025-05-31,3113.43,62.27,11.21,3039.95,False,
SETT-BATCH0143-ORD00857,ORD00857,2025-05-31,1487.99,29.76,5.36,1452.87,False,
SETT-BATCH0143-ORD00858,ORD00858,2025-05-31,11109.48,222.19,39.99,10847.3,False,
SETT-BATCH0144-ORD00859,ORD00859,2025-05-09,5206.44,104.13,18.74,5083.57,False,
SETT-BATCH0144-ORD00860,ORD00860,2025-05-09,23044.51,460.89,82.96,22500.66,False,
SETT-BATCH0144-ORD00861,ORD00861,2025-05-09,8325.77,166.52,29.97,8129.28,False,
SETT-BATCH0144-ORD00862,ORD00862,2025-05-09,8498.38,169.97,30.59,8297.82,False,
SETT-BATCH0144-ORD00863,ORD00863,2025-05-09,2679.86,53.6,9.65,2616.61,False,
SETT-BATCH0144-ORD00864,ORD00864,2025-05-09,4840.07,96.8,17.42,4725.85,False,
SETT-BATCH0145-ORD00865,ORD00865,2025-01-07,6505.76,130.12,23.42,6352.22,False,
SETT-BATCH0145-ORD00866,ORD00866,2025-01-07,5196.94,103.94,18.71,5074.29,False,
SETT-BATCH0145-ORD00867,ORD00867,2025-01-07,35761.39,715.23,128.74,34917.42,False,
SETT-BATCH0145-ORD00868,ORD00868,2025-01-07,833.0,16.66,3.0,813.34,False,
SETT-BATCH0145-ORD00869,ORD00869,2025-01-07,7501.32,150.03,27.01,7324.28,False,
SETT-BATCH0145-ORD00870,ORD00870,2025-01-07,5129.07,102.58,18.46,5008.03,False,
SETT-BATCH0146-ORD00871,ORD00871,2025-03-02,6003.73,120.07,21.61,5862.05,False,
SETT-BATCH0146-ORD00872,ORD00872,2025-03-02,37069.28,741.39,133.45,36194.44,False,
SETT-BATCH0146-ORD00873,ORD00873,2025-03-02,9693.82,193.88,34.9,9465.04,False,
SETT-BATCH0146-ORD00874,ORD00874,2025-03-02,20952.26,419.05,75.43,20457.78,False,
SETT-BATCH0146-ORD00875,ORD00875,2025-03-02,1183.0,23.66,4.26,1155.08,False,
SETT-BATCH0146-ORD00876,ORD00876,2025-03-02,4786.4,95.73,17.23,4673.44,False,
SETT-BATCH0147-ORD00877,ORD00877,2025-02-21,7574.11,151.48,27.27,7395.36,True,Risk Review
SETT-BATCH0147-ORD00878,ORD00878,2025-02-21,567.02,11.34,2.04,553.64,True,Risk Review
SETT-BATCH0147-ORD00879,ORD00879,2025-02-21,1773.77,35.48,6.39,1731.9,True,Risk Review
SETT-BATCH0147-ORD00880,ORD00880,2025-02-21,1700.08,34.0,6.12,1659.96,True,Risk Review
SETT-BATCH0147-ORD00881,ORD00881,2025-02-21,6415.28,128.31,23.1,6263.87,True,Risk Review
SETT-BATCH0147-ORD00882,ORD00882,2025-02-21,9667.7,193.35,34.8,9439.55,True,Risk Review
SETT-BATCH0148-ORD00883,ORD00883,2025-01-15,19446.4,388.93,70.01,18987.46,False,
SETT-BATCH0148-ORD00884,ORD00884,2025-01-15,5457.08,109.14,19.65,5328.29,False,
SETT-BATCH0148-ORD00885,ORD00885,2025-01-15,9064.78,181.3,32.63,8850.85,False,
SETT-BATCH0148-ORD00886,ORD00886,2025-01-15,5110.69,102.21,18.4,4990.08,False,
SETT-BATCH0148-ORD00887,ORD00887,2025-01-15,917.52,18.35,3.3,895.87,False,
SETT-BATCH0148-ORD00888,ORD00888,2025-01-15,10938.46,218.77,39.38,10680.31,False,
SETT-BATCH0149-ORD00889,ORD00889,2025-02-24,18053.34,361.07,64.99,17627.28,True,Risk Review
SETT-BATCH0149-ORD00890,ORD00890,2025-02-24,1186.33,23.73,4.27,1158.33,True,Risk Review
SETT-BATCH0149-ORD00891,ORD00891,2025-02-24,5915.87,118.32,21.3,5776.25,True,Risk Review
SETT-BATCH0149-ORD00892,ORD00892,2025-02-24,1082.96,21.66,3.9,1057.4,True,Risk Review
SETT-BATCH0149-ORD00893,ORD00893,2025-02-24,4783.4,95.67,17.22,4670.51,True,Risk Review
SETT-BATCH0149-ORD00894,ORD00894,2025-02-24,8509.91,170.2,30.64,8309.07,True,Risk Review
SETT-BATCH0150-ORD00895,ORD00895,2025-03-03,23780.24,475.6,85.61,23219.03,False,
SETT-BATCH0150-ORD00896,ORD00896,2025-03-03,700.92,14.02,2.52,684.38,False,
SETT-BATCH0150-ORD00897,ORD00897,2025-03-03,675.42,13.51,2.43,659.48,False,
SETT-BATCH0150-ORD00898,ORD00898,2025-03-03,6086.6,121.73,21.91,5942.96,False,
SETT-BATCH0150-ORD00899,ORD00899,2025-03-03,6598.45,131.97,23.75,6442.73,False,
SETT-BATCH0150-ORD00900,ORD00900,2025-03-03,1453.25,29.07,5.23,1418.95,False,
SETT-BATCH0151-ORD00901,ORD00901,2025-01-06,23960.42,479.21,86.26,23394.95,False,
SETT-BATCH0151-ORD00902,ORD00902,2025-01-06,5917.14,118.34,21.3,5777.5,False,
SETT-BATCH0151-ORD00903,ORD00903,2025-01-06,1762.98,35.26,6.35,1721.37,False,
SETT-BATCH0151-ORD00904,ORD00904,2025-01-06,1038.56,20.77,3.74,1014.05,False,
SETT-BATCH0151-ORD00905,ORD00905,2025-01-06,3561.03,71.22,12.82,3476.99,False,
SETT-BATCH0151-ORD00906,ORD00906,2025-01-06,37635.95,752.72,135.49,36747.74,False,
SETT-BATCH0152-ORD00907,ORD00907,2025-02-13,5933.81,118.68,21.36,5793.77,False,
SETT-BATCH0152-ORD00908,ORD00908,2025-02-13,17330.49,346.61,62.39,16921.49,False,
SETT-BATCH0152-ORD00909,ORD00909,2025-02-13,8367.05,167.34,30.12,8169.59,False,
SETT-BATCH0152-ORD00910,ORD00910,2025-02-13,912.28,18.25,3.28,890.75,False,
SETT-BATCH0152-ORD00911,ORD00911,2025-02-13,1671.11,33.42,6.02,1631.67,False,
SETT-BATCH0152-ORD00912,ORD00912,2025-02-13,8127.36,162.55,29.26,7935.55,False,
SETT-BATCH0153-ORD00913,ORD00913,2025-02-23,6581.71,131.63,23.69,6426.39,False,
SETT-BATCH0153-ORD00914,ORD00914,2025-02-23,22349.24,446.98,80.46,21821.8,False,
SETT-BATCH0153-ORD00915,ORD00915,2025-02-23,8054.29,161.09,29.0,7864.2,False,
SETT-BATCH0153-ORD00916,ORD00916,2025-02-23,9918.21,198.36,35.7,9684.15,False,
SETT-BATCH0153-ORD00917,ORD00917,2025-02-23,7229.37,144.59,26.03,7058.75,False,
SETT-BATCH0153-ORD00918,ORD00918,2025-02-23,1998.97,39.98,7.2,1951.79,False,
SETT-BATCH0154-ORD00919,ORD00919,2025-02-16,1793.3,35.87,6.46,1750.97,True,Risk Review
SETT-BATCH0154-ORD00920,ORD00920,2025-02-16,9951.66,199.03,35.83,9716.8,True,Risk Review
SETT-BATCH0154-ORD00921,ORD00921,2025-02-16,1606.42,32.13,5.78,1568.51,True,Risk Review
SETT-BATCH0154-ORD00922,ORD00922,2025-02-16,1566.13,31.32,5.64,1529.17,True,Risk Review
SETT-BATCH0154-ORD00923,ORD00923,2025-02-16,6929.21,138.58,24.94,6765.69,True,Risk Review
SETT-BATCH0154-ORD00924,ORD00924,2025-02-16,22081.61,441.63,79.49,21560.49,True,Risk Review
SETT-BATCH0155-ORD00925,ORD00925,2025-02-19,921.63,18.43,3.32,899.88,False,
SETT-BATCH0155-ORD00926,ORD00926,2025-02-19,1968.5,39.37,7.09,1922.04,False,
SETT-BATCH0155-ORD00927,ORD00927,2025-02-19,901.01,18.02,3.24,879.75,False,
SETT-BATCH0155-ORD00928,ORD00928,2025-02-19,41982.48,839.65,151.14,40991.69,False,
SETT-BATCH0155-ORD00929,ORD00929,2025-02-19,1625.14,32.5,5.85,1586.79,False,
SETT-BATCH0155-ORD00930,ORD00930,2025-02-19,24887.29,497.75,89.59,24299.95,False,
SETT-BATCH0156-ORD00931,ORD00931,2025-05-09,1799.12,35.98,6.48,1756.66,True,Risk Review
SETT-BATCH0156-ORD00932,ORD00932,2025-05-09,983.15,19.66,3.54,959.95,True,Risk Review
SETT-BATCH0156-ORD00933,ORD00933,2025-05-09,20143.52,402.87,72.52,19668.13,True,Risk Review
SETT-BATCH0156-ORD00934,ORD00934,2025-05-09,1448.6,28.97,5.21,1414.42,True,Risk Review
SETT-BATCH0156-ORD00935,ORD00935,2025-05-09,5615.93,112.32,20.22,5483.39,True,Risk Review
SETT-BATCH0156-ORD00936,ORD00936,2025-05-09,21533.26,430.67,77.52,21025.07,True,Risk Review
SETT-BATCH0157-ORD00937,ORD00937,2025-02-19,4225.81,135.23,24.34,4066.24,False,
SETT-BATCH0157-ORD00938,ORD00938,2025-02-19,5904.36,118.09,21.26,5765.01,False,
SETT-BATCH0157-ORD00939,ORD00939,2025-02-19,1661.2,33.22,5.98,1622.0,False,
SETT-BATCH0157-ORD00940,ORD00940,2025-02-19,5667.59,113.35,20.4,5533.84,False,
SETT-BATCH0157-ORD00941,ORD00941,2025-02-19,8800.85,176.02,31.68,8593.15,False,
SETT-BATCH0157-ORD00942,ORD00942,2025-02-19,1952.19,39.04,7.03,1906.12,False,
SETT-BATCH0158-ORD00943,ORD00943,2025-03-06,4582.92,91.66,16.5,4474.76,False,
SETT-BATCH0158-ORD00944,ORD00944,2025-03-06,1366.9,27.34,4.92,1334.64,False,
SETT-BATCH0158-ORD00945,ORD00945,2025-03-06,21824.55,436.49,78.57,21309.49,False,
SETT-BATCH0158-ORD00946,ORD00946,2025-03-06,10689.14,213.78,38.48,10436.88,False,
SETT-BATCH0158-ORD00947,ORD00947,2025-03-06,16893.73,337.87,60.82,16495.04,False,
SETT-BATCH0158-ORD00948,ORD00948,2025-03-06,12369.75,247.4,44.53,12077.82,False,
SETT-BATCH0159-ORD00949,ORD00949,2025-02-14,1937.05,38.74,6.97,1891.34,True,Risk Review
SETT-BATCH0159-ORD00950,ORD00950,2025-02-14,47735.18,954.7,171.85,46608.63,True,Risk Review
SETT-BATCH0159-ORD00951,ORD00951,2025-02-14,1811.64,36.23,6.52,1768.89,True,Risk Review
SETT-BATCH0159-ORD00952,ORD00952,2025-02-14,1040.65,20.81,3.75,1016.09,True,Risk Review
SETT-BATCH0159-ORD00953,ORD00953,2025-02-14,1855.7,37.11,6.68,1811.91,True,Risk Review
SETT-BATCH0159-ORD00954,ORD00954,2025-02-14,1438.41,28.77,5.18,1404.46,True,Risk Review
SETT-BATCH0160-ORD00955,ORD00955,2025-02-17,16438.46,328.77,59.18,16050.51,False,
SETT-BATCH0160-ORD00956,ORD00956,2025-02-17,2008.69,40.17,7.23,1961.29,False,
SETT-BATCH0160-ORD00957,ORD00957,2025-02-17,1390.52,27.81,5.01,1357.7,False,
SETT-BATCH0160-ORD00958,ORD00958,2025-02-17,2074.3,41.49,7.47,2025.34,False,
SETT-BATCH0160-ORD00959,ORD00959,2025-02-17,680.89,13.62,2.45,664.82,False,
SETT-BATCH0160-ORD00960,ORD00960,2025-02-17,5821.6,116.43,20.96,5684.21,False,
SETT-BATCH0161-ORD00961,ORD00961,2025-02-06,1596.15,31.92,5.75,1558.48,False,
SETT-BATCH0161-ORD00962,ORD00962,2025-02-06,1051.34,21.03,3.79,1026.52,False,
SETT-BATCH0161-ORD00963,ORD00963,2025-02-06,1660.19,33.2,5.98,1621.01,False,
SETT-BATCH0161-ORD00964,ORD00964,2025-02-06,7417.1,148.34,26.7,7242.06,False,
SETT-BATCH0161-ORD00965,ORD00965,2025-02-06,2067.8,41.36,7.44,2019.0,False,
SETT-BATCH0161-ORD00966,ORD00966,2025-02-06,1026.78,20.54,3.7,1002.54,False,
SETT-BATCH0162-ORD00967,ORD00967,2025-03-07,3210.99,64.22,11.56,3135.21,False,
SETT-BATCH0162-ORD00968,ORD00968,2025-03-07,5539.07,110.78,19.94,5408.35,False,
SETT-BATCH0162-ORD00969,ORD00969,2025-03-07,650.7,13.01,2.34,635.35,False,
SETT-BATCH0162-ORD00970,ORD00970,2025-03-07,5072.26,101.45,18.26,4952.55,False,
SETT-BATCH0162-ORD00971,ORD00971,2025-03-07,709.75,14.2,2.56,692.99,False,
SETT-BATCH0162-ORD00972,ORD00972,2025-03-07,3985.34,79.71,14.35,3891.28,False,
SETT-BATCH0163-ORD00973,ORD00973,2025-01-30,6860.74,137.21,24.7,6698.83,False,
SETT-BATCH0163-ORD00974,ORD00974,2025-01-30,1770.61,35.41,6.37,1728.83,False,
SETT-BATCH0163-ORD00975,ORD00975,2025-01-30,1410.39,28.21,5.08,1377.1,False,
SETT-BATCH0163-ORD00976,ORD00976,2025-01-30,4364.34,87.29,15.71,4261.34,False,
SETT-BATCH0163-ORD00977,ORD00977,2025-01-30,21906.67,438.13,78.86,21389.68,False,
SETT-BATCH0163-ORD00978,ORD00978,2025-01-30,2901.95,58.04,10.45,2833.46,False,
SETT-BATCH0164-ORD00979,ORD00979,2025-01-08,2568.1,51.36,9.24,2507.5,False,
SETT-BATCH0164-ORD00980,ORD00980,2025-01-08,48348.11,966.96,174.05,47207.1,False,
SETT-BATCH0164-ORD00981,ORD00981,2025-01-08,1758.46,35.17,6.33,1716.96,False,
SETT-BATCH0164-ORD00982,ORD00982,2025-01-08,1524.41,30.49,5.49,1488.43,False,
SETT-BATCH0164-ORD00983,ORD00983,2025-01-08,44259.18,885.18,159.33,43214.67,False,
SETT-BATCH0164-ORD00984,ORD00984,2025-01-08,2110.35,42.21,7.6,2060.54,False,
SETT-BATCH0165-ORD00985,ORD00985,2025-02-11,590.7,11.81,2.13,576.76,False,
SETT-BATCH0165-ORD00986,ORD00986,2025-02-11,7028.57,140.57,25.3,6862.7,False,
SETT-BATCH0165-ORD00987,ORD00987,2025-02-11,16353.63,327.07,58.87,15967.69,False,
SETT-BATCH0165-ORD00988,ORD00988,2025-02-11,1304.85,26.1,4.7,1274.05,False,
SETT-BATCH0165-ORD00989,ORD00989,2025-02-11,625.4,12.51,2.25,610.64,False,
SETT-BATCH0165-ORD00990,ORD00990,2025-02-11,3625.58,72.51,13.05,3540.02,False,
SETT-BATCH0166-ORD00991,ORD00991,2025-01-30,5125.85,102.52,18.45,5004.88,False,
SETT-BATCH0166-ORD00992,ORD00992,2025-01-30,19747.59,394.95,71.09,19281.55,False,
SETT-BATCH0166-ORD00993,ORD00993,2025-01-30,1548.01,30.96,5.57,1511.48,False,
SETT-BATCH0166-ORD00994,ORD00994,2025-01-30,629.32,12.59,2.27,614.46,False,
SETT-BATCH0166-ORD00995,ORD00995,2025-01-30,1418.45,28.37,5.11,1384.97,False,
SETT-BATCH0166-ORD00996,ORD00996,2025-01-30,1612.54,32.25,5.8,1574.49,False,
SETT-BATCH0167-ORD00997,ORD00997,2025-01-17,1561.85,31.24,5.62,1524.99,False,
SETT-BATCH0167-ORD00998,ORD00998,2025-01-17,1244.62,24.89,4.48,1215.25,False,
SETT-BATCH0167-ORD00999,ORD00999,2025-01-17,8263.9,165.28,29.75,8068.87,False,
SETT-BATCH0167-ORD01000,ORD01000,2025-01-17,690.4,13.81,2.49,674.1,False,
SETT-BATCH0167-ORD01001,ORD01001,2025-01-17,2944.45,58.89,10.6,2874.96,False,
SETT-BATCH0167-ORD01002,ORD01002,2025-01-17,1143.99,22.88,4.12,1116.99,False,
SETT-BATCH0168-ORD01003,ORD01003,2025-02-23,1568.48,31.37,5.65,1531.46,False,
SETT-BATCH0168-ORD01004,ORD01004,2025-02-23,5969.18,119.38,21.49,5828.31,False,
SETT-BATCH0168-ORD01005,ORD01005,2025-02-23,1249.42,24.99,4.5,1219.93,False,
SETT-BATCH0168-ORD01006,ORD01006,2025-02-23,735.96,14.72,2.65,718.59,False,
SETT-BATCH0168-ORD01007,ORD01007,2025-02-23,20111.81,402.24,72.4,19637.17,False,
SETT-BATCH0168-ORD01008,ORD01008,2025-02-23,1263.24,25.26,4.55,1233.43,False,
SETT-BATCH0169-ORD01009,ORD01009,2025-01-20,10184.32,203.69,36.66,9943.97,True,Risk Review
SETT-BATCH0169-ORD01010,ORD01010,2025-01-20,5063.84,101.28,18.23,4944.33,True,Risk Review
SETT-BATCH0169-ORD01011,ORD01011,2025-01-20,1940.51,38.81,6.99,1894.71,True,Risk Review
SETT-BATCH0169-ORD01012,ORD01012,2025-01-20,9311.58,186.23,33.52,9091.83,True,Risk Review
SETT-BATCH0169-ORD01013,ORD01013,2025-01-20,4574.42,91.49,16.47,4466.46,True,Risk Review
SETT-BATCH0169-ORD01014,ORD01014,2025-01-20,14799.03,295.98,53.28,14449.77,True,Risk Review
SETT-BATCH0170-ORD01015,ORD01015,2025-01-06,2955.21,59.1,10.64,2885.47,True,Risk Review
SETT-BATCH0170-ORD01016,ORD01016,2025-01-06,12690.17,253.8,45.68,12390.69,True,Risk Review
SETT-BATCH0170-ORD01017,ORD01017,2025-01-06,48851.99,977.04,175.87,47699.08,True,Risk Review
SETT-BATCH0170-ORD01018,ORD01018,2025-01-06,22990.48,459.81,82.77,22447.9,True,Risk Review
SETT-BATCH0170-ORD01019,ORD01019,2025-01-06,1329.64,26.59,4.79,1298.26,True,Risk Review
SETT-BATCH0170-ORD01020,ORD01020,2025-01-06,937.39,18.75,3.38,915.26,True,Risk Review
SETT-BATCH0171-ORD01021,ORD01021,2025-01-14,3940.67,78.81,14.19,3847.67,False,
SETT-BATCH0171-ORD01022,ORD01022,2025-01-14,5946.89,118.94,21.41,5806.54,False,
SETT-BATCH0171-ORD01023,ORD01023,2025-01-14,6372.47,127.45,22.94,6222.08,False,
SETT-BATCH0171-ORD01024,ORD01024,2025-01-14,1898.6,37.97,6.83,1853.8,False,
SETT-BATCH0171-ORD01025,ORD01025,2025-01-14,1019.64,20.39,3.67,995.58,False,
SETT-BATCH0171-ORD01026,ORD01026,2025-01-14,24264.85,485.3,87.35,23692.2,False,
SETT-BATCH0172-ORD01027,ORD01027,2025-01-02,15644.12,312.88,56.32,15274.92,False,
SETT-BATCH0172-ORD01028,ORD01028,2025-01-02,1294.72,25.89,4.66,1264.17,False,
SETT-BATCH0172-ORD01029,ORD01029,2025-01-02,9689.48,193.79,34.88,9460.81,False,
SETT-BATCH0172-ORD01030,ORD01030,2025-01-02,2744.21,54.88,9.88,2679.45,False,
SETT-BATCH0172-ORD01031,ORD01031,2025-01-02,17796.39,355.93,64.07,17376.39,False,
SETT-BATCH0172-ORD01032,ORD01032,2025-01-02,16876.87,337.54,60.76,16478.57,False,
SETT-BATCH0173-ORD01033,ORD01033,2025-02-14,6043.42,120.87,21.76,5900.79,True,Risk Review
SETT-BATCH0173-ORD01034,ORD01034,2025-02-14,11122.46,222.45,40.04,10859.97,True,Risk Review
SETT-BATCH0173-ORD01035,ORD01035,2025-02-14,1493.67,29.87,5.38,1458.42,True,Risk Review
SETT-BATCH0173-ORD01036,ORD01036,2025-02-14,891.49,17.83,3.21,870.45,True,Risk Review
SETT-BATCH0173-ORD01037,ORD01037,2025-02-14,15894.29,317.89,57.22,15519.18,True,Risk Review
SETT-BATCH0173-ORD01038,ORD01038,2025-02-14,907.93,18.16,3.27,886.5,True,Risk Review
SETT-BATCH0174-ORD01039,ORD01039,2025-02-08,12041.68,240.83,43.35,11757.5,False,
SETT-BATCH0174-ORD01040,ORD01040,2025-02-08,658.49,13.17,2.37,642.95,False,
SETT-BATCH0174-ORD01041,ORD01041,2025-02-08,5252.1,105.04,18.91,5128.15,False,
SETT-BATCH0174-ORD01042,ORD01042,2025-02-08,1655.51,33.11,5.96,1616.44,False,
SETT-BATCH0174-ORD01043,ORD01043,2025-02-08,897.51,17.95,3.23,876.33,False,
SETT-BATCH0174-ORD01044,ORD01044,2025-02-08,1711.4,34.23,6.16,1671.01,False,
SETT-BATCH0175-ORD01045,ORD01045,2025-01-17,20453.17,409.06,73.63,19970.48,False,
SETT-BATCH0175-ORD01046,ORD01046,2025-01-17,1784.86,35.7,6.43,1742.73,False,
SETT-BATCH0175-ORD01047,ORD01047,2025-01-17,872.33,17.45,3.14,851.74,False,
SETT-BATCH0175-ORD01048,ORD01048,2025-01-17,573.43,11.47,2.06,559.9,False,
SETT-BATCH0175-ORD01049,ORD01049,2025-01-17,1986.01,39.72,7.15,1939.14,False,
SETT-BATCH0175-ORD01050,ORD01050,2025-01-17,46365.03,927.3,166.91,45270.82,False,
SETT-BATCH0176-ORD01051,ORD01051,2025-02-14,3998.82,79.98,14.4,3904.44,False,
SETT-BATCH0176-ORD01052,ORD01052,2025-02-14,1690.71,33.81,6.09,1650.81,False,
SETT-BATCH0176-ORD01053,ORD01053,2025-02-14,1745.56,34.91,6.28,1704.37,False,
SETT-BATCH0176-ORD01054,ORD01054,2025-02-14,1735.51,34.71,6.25,1694.55,False,
SETT-BATCH0176-ORD01055,ORD01055,2025-02-14,9500.6,190.01,34.2,9276.39,False,
SETT-BATCH0176-ORD01056,ORD01056,2025-02-14,4070.57,81.41,14.65,3974.51,False,
SETT-BATCH0177-ORD01057,ORD01057,2025-01-28,596.71,11.93,2.15,582.63,False,
SETT-BATCH0177-ORD01058,ORD01058,2025-01-28,3030.33,60.61,10.91,2958.81,False,
SETT-BATCH0177-ORD01059,ORD01059,2025-01-28,1913.42,38.27,6.89,1868.26,False,
SETT-BATCH0177-ORD01060,ORD01060,2025-01-28,1360.83,27.22,4.9,1328.71,False,
SETT-BATCH0177-ORD01061,ORD01061,2025-01-28,5061.84,101.24,18.22,4942.38,False,
SETT-BATCH0177-ORD01062,ORD01062,2025-01-28,822.07,16.44,2.96,802.67,False,
SETT-BATCH0178-ORD01063,ORD01063,2025-03-19,1169.02,23.38,4.21,1141.43,False,
SETT-BATCH0178-ORD01064,ORD01064,2025-03-19,1428.76,28.58,5.14,1395.04,False,
SETT-BATCH0178-ORD01065,ORD01065,2025-03-19,5991.13,119.82,21.57,5849.74,False,
SETT-BATCH0178-ORD01066,ORD01066,2025-03-19,2701.77,54.04,9.73,2638.0,False,
SETT-BATCH0178-ORD01067,ORD01067,2025-03-19,799.19,15.98,2.88,780.33,False,
SETT-BATCH0178-ORD01068,ORD01068,2025-03-19,1991.13,39.82,7.17,1944.14,False,
SETT-BATCH0179-ORD01069,ORD01069,2025-05-25,24841.05,496.82,89.43,24254.8,False,
SETT-BATCH0179-ORD01070,ORD01070,2025-05-25,8251.48,165.03,29.71,8056.74,False,
SETT-BATCH0179-ORD01071,ORD01071,2025-05-25,17535.9,350.72,63.13,17122.05,False,
SETT-BATCH0179-ORD01072,ORD01072,2025-05-25,539.09,10.78,1.94,526.37,False,
SETT-BATCH0179-ORD01073,ORD01073,2025-05-25,1843.65,36.87,6.64,1800.14,False,
SETT-BATCH0179-ORD01074,ORD01074,2025-05-25,1987.3,39.75,7.15,1940.4,False,
SETT-BATCH0180-ORD01075,ORD01075,2025-01-30,1375.98,27.52,4.95,1343.51,False,
SETT-BATCH0180-ORD01076,ORD01076,2025-01-30,27503.36,550.07,99.01,26854.28,False,
SETT-BATCH0180-ORD01077,ORD01077,2025-01-30,1300.53,26.01,4.68,1269.84,False,
SETT-BATCH0180-ORD01078,ORD01078,2025-01-30,24217.04,484.34,87.18,23645.52,False,
SETT-BATCH0180-ORD01079,ORD01079,2025-01-30,21960.86,439.22,79.06,21442.58,False,
SETT-BATCH0180-ORD01080,ORD01080,2025-01-30,24873.13,497.46,89.54,24286.13,False,
SETT-BATCH0181-ORD01081,ORD01081,2025-01-22,1388.78,27.78,5.0,1356.0,False,
SETT-BATCH0181-ORD01082,ORD01082,2025-01-22,1387.34,27.75,5.0,1354.59,False,
SETT-BATCH0181-ORD01083,ORD01083,2025-01-22,9580.47,191.61,34.49,9354.37,False,
SETT-BATCH0181-ORD01084,ORD01084,2025-01-22,1922.55,38.45,6.92,1877.18,False,
SETT-BATCH0181-ORD01085,ORD01085,2025-01-22,3404.45,68.09,12.26,3324.1,False,
SETT-BATCH0181-ORD01086,ORD01086,2025-01-22,848.94,16.98,3.06,828.9,False,
SETT-BATCH0182-ORD01087,ORD01087,2025-03-09,1216.98,24.34,4.38,1188.26,True,Risk Review
SETT-BATCH0182-ORD01088,ORD01088,2025-03-09,13021.97,260.44,46.88,12714.65,True,Risk Review
SETT-BATCH0182-ORD01089,ORD01089,2025-03-09,766.19,15.32,2.76,748.11,True,Risk Review
SETT-BATCH0182-ORD01090,ORD01090,2025-03-09,721.57,14.43,2.6,704.54,True,Risk Review
SETT-BATCH0182-ORD01091,ORD01091,2025-03-09,21615.5,432.31,77.82,21105.37,True,Risk Review
SETT-BATCH0182-ORD01092,ORD01092,2025-03-09,24408.38,488.17,87.87,23832.34,True,Risk Review
SETT-BATCH0183-ORD01093,ORD01093,2025-03-12,7297.12,145.94,26.27,7124.91,False,
SETT-BATCH0183-ORD01094,ORD01094,2025-03-12,952.65,19.05,3.43,930.17,False,
SETT-BATCH0183-ORD01095,ORD01095,2025-03-12,43308.8,866.18,155.91,42286.71,False,
SETT-BATCH0183-ORD01096,ORD01096,2025-03-12,24409.93,488.2,87.88,23833.85,False,
SETT-BATCH0183-ORD01097,ORD01097,2025-03-12,1560.77,31.22,5.62,1523.93,False,
SETT-BATCH0183-ORD01098,ORD01098,2025-03-12,9430.76,188.62,33.95,9208.19,False,
SETT-BATCH0184-ORD01099,ORD01099,2025-04-01,1383.43,27.67,4.98,1350.78,False,
SETT-BATCH0184-ORD01100,ORD01100,2025-04-01,1600.99,32.02,5.76,1563.21,False,
SETT-BATCH0184-ORD01101,ORD01101,2025-04-01,1593.25,31.87,5.74,1555.64,False,
SETT-BATCH0184-ORD01102,ORD01102,2025-04-01,15874.02,317.48,57.15,15499.39,False,
SETT-BATCH0184-ORD01103,ORD01103,2025-04-01,1403.58,28.07,5.05,1370.46,False,
SETT-BATCH0184-ORD01104,ORD01104,2025-04-01,1348.33,26.97,4.85,1316.51,False,
SETT-BATCH0185-ORD01105,ORD01105,2025-05-04,1618.01,32.36,5.82,1579.83,False,
SETT-BATCH0185-ORD01106,ORD01106,2025-05-04,979.28,19.59,3.53,956.16,False,
SETT-BATCH0185-ORD01107,ORD01107,2025-05-04,11330.89,226.62,40.79,11063.48,False,
SETT-BATCH0185-ORD01108,ORD01108,2025-05-04,7834.29,156.69,28.2,7649.4,False,
SETT-BATCH0185-ORD01109,ORD01109,2025-05-04,4121.7,82.43,14.84,4024.43,False,
SETT-BATCH0185-ORD01110,ORD01110,2025-05-04,4803.85,96.08,17.29,4690.48,False,
SETT-BATCH0186-ORD01111,ORD01111,2025-02-26,2385.18,47.7,8.59,2328.89,False,
SETT-BATCH0186-ORD01112,ORD01112,2025-02-26,9752.81,195.06,35.11,9522.64,False,
SETT-BATCH0186-ORD01113,ORD01113,2025-02-26,5029.7,100.59,18.11,4911.0,False,
SETT-BATCH0186-ORD01114,ORD01114,2025-02-26,1743.21,34.86,6.27,1702.08,False,
SETT-BATCH0186-ORD01115,ORD01115,2025-02-26,7497.28,149.95,26.99,7320.34,False,
SETT-BATCH0186-ORD01116,ORD01116,2025-02-26,8393.56,167.87,30.22,8195.47,False,
SETT-BATCH0187-ORD01117,ORD01117,2025-01-19,978.08,19.56,3.52,955.0,False,
SETT-BATCH0187-ORD01118,ORD01118,2025-01-19,755.16,15.1,2.72,737.34,False,
SETT-BATCH0187-ORD01119,ORD01119,2025-01-19,612.5,12.25,2.21,598.04,False,
SETT-BATCH0187-ORD01120,ORD01120,2025-01-19,1977.91,39.56,7.12,1931.23,False,
SETT-BATCH0187-ORD01121,ORD01121,2025-01-19,5450.59,109.01,19.62,5321.96,False,
SETT-BATCH0187-ORD01122,ORD01122,2025-01-19,1834.63,36.69,6.6,1791.34,False,
SETT-BATCH0188-ORD01123,ORD01123,2025-03-23,996.64,19.93,3.59,973.12,False,
SETT-BATCH0188-ORD01124,ORD01124,2025-03-23,6432.9,128.66,23.16,6281.08,False,
SETT-BATCH0188-ORD01125,ORD01125,2025-03-23,922.28,18.45,3.32,900.51,False,
SETT-BATCH0188-ORD01126,ORD01126,2025-03-23,1089.35,21.79,3.92,1063.64,False,
SETT-BATCH0188-ORD01127,ORD01127,2025-03-23,12303.85,246.08,44.29,12013.48,False,
SETT-BATCH0188-ORD01128,ORD01128,2025-03-23,631.44,12.63,2.27,616.54,False,
SETT-BATCH0189-ORD01129,ORD01129,2025-02-20,5842.63,116.85,21.03,5704.75,False,
SETT-BATCH0189-ORD01130,ORD01130,2025-02-20,756.25,24.19,4.35,727.71,False,
SETT-BATCH0189-ORD01131,ORD01131,2025-02-20,36839.27,736.79,132.62,35969.86,False,
SETT-BATCH0189-ORD01132,ORD01132,2025-02-20,1096.2,21.92,3.95,1070.33,False,
SETT-BATCH0189-ORD01133,ORD01133,2025-02-20,13975.07,279.5,50.31,13645.26,False,
SETT-BATCH0189-ORD01134,ORD01134,2025-02-20,3479.05,69.58,12.52,3396.95,False,
SETT-BATCH0190-ORD01135,ORD01135,2025-05-16,1168.66,23.37,4.21,1141.08,False,
SETT-BATCH0190-ORD01136,ORD01136,2025-05-16,4107.21,82.14,14.79,4010.28,False,
SETT-BATCH0190-ORD01137,ORD01137,2025-05-16,3209.05,64.18,11.55,3133.32,False,
SETT-BATCH0190-ORD01138,ORD01138,2025-05-16,2685.66,53.71,9.67,2622.28,False,
SETT-BATCH0190-ORD01139,ORD01139,2025-05-16,16209.8,324.2,58.36,15827.24,False,
SETT-BATCH0190-ORD01140,ORD01140,2025-05-16,591.48,11.83,2.13,577.52,False,
SETT-BATCH0191-ORD01141,ORD01141,2025-01-19,16279.48,325.59,58.61,15895.28,False,
SETT-BATCH0191-ORD01142,ORD01142,2025-01-19,9490.89,189.82,34.17,9266.9,False,
SETT-BATCH0191-ORD01143,ORD01143,2025-01-19,17143.93,342.88,61.72,16739.33,False,
SETT-BATCH0191-ORD01144,ORD01144,2025-01-19,1780.91,35.62,6.41,1738.88,False,
SETT-BATCH0191-ORD01145,ORD01145,2025-01-19,9203.64,184.07,33.13,8986.44,False,
SETT-BATCH0191-ORD01146,ORD01146,2025-01-19,6962.18,139.24,25.06,6797.88,False,
SETT-BATCH0192-ORD01147,ORD01147,2025-03-04,16735.6,334.71,60.25,16340.64,True,Risk Review
SETT-BATCH0192-ORD01148,ORD01148,2025-03-04,45211.52,904.23,162.76,44144.53,True,Risk Review
SETT-BATCH0192-ORD01149,ORD01149,2025-03-04,617.55,12.35,2.22,602.98,True,Risk Review
SETT-BATCH0192-ORD01150,ORD01150,2025-03-04,9978.15,199.56,35.92,9742.67,True,Risk Review
SETT-BATCH0192-ORD01151,ORD01151,2025-03-04,1392.57,27.85,5.01,1359.71,True,Risk Review
SETT-BATCH0192-ORD01152,ORD01152,2025-03-04,23712.61,474.25,85.36,23153.0,True,Risk Review
SETT-BATCH0193-ORD01153,ORD01153,2025-02-05,1334.55,26.69,4.8,1303.06,True,Risk Review
SETT-BATCH0193-ORD01154,ORD01154,2025-02-05,914.3,18.29,3.29,892.72,True,Risk Review
SETT-BATCH0193-ORD01155,ORD01155,2025-02-05,10185.46,203.71,36.67,9945.08,True,Risk Review
SETT-BATCH0193-ORD01156,ORD01156,2025-02-05,6180.5,123.61,22.25,6034.64,True,Risk Review
SETT-BATCH0193-ORD01157,ORD01157,2025-02-05,724.46,14.49,2.61,707.36,True,Risk Review
SETT-BATCH0193-ORD01158,ORD01158,2025-02-05,8067.02,161.34,29.04,7876.64,True,Risk Review
SETT-BATCH0194-ORD01159,ORD01159,2025-01-22,18440.26,368.81,66.39,18005.06,False,
SETT-BATCH0194-ORD01160,ORD01160,2025-01-22,23012.13,460.24,82.84,22469.05,False,
SETT-BATCH0194-ORD01161,ORD01161,2025-01-22,13962.05,279.24,50.26,13632.55,False,
SETT-BATCH0194-ORD01162,ORD01162,2025-01-22,6871.7,137.43,24.74,6709.53,False,
SETT-BATCH0194-ORD01163,ORD01163,2025-01-22,1104.46,22.09,3.98,1078.39,False,
SETT-BATCH0194-ORD01164,ORD01164,2025-01-22,7549.29,150.99,27.18,7371.12,False,
SETT-BATCH0195-ORD01165,ORD01165,2025-01-21,1818.44,36.37,6.55,1775.52,True,Risk Review
SETT-BATCH0195-ORD01166,ORD01166,2025-01-21,1618.62,32.37,5.83,1580.42,True,Risk Review
SETT-BATCH0195-ORD01167,ORD01167,2025-01-21,10303.49,206.07,37.09,10060.33,True,Risk Review
SETT-BATCH0195-ORD01168,ORD01168,2025-01-21,1764.27,35.29,6.35,1722.63,True,Risk Review
SETT-BATCH0195-ORD01169,ORD01169,2025-01-21,9779.97,195.6,35.21,9549.16,True,Risk Review
SETT-BATCH0195-ORD01170,ORD01170,2025-01-21,1961.33,39.23,7.06,1915.04,True,Risk Review
SETT-BATCH0196-ORD01171,ORD01171,2025-01-29,14813.02,296.26,53.33,14463.43,False,
SETT-BATCH0196-ORD01172,ORD01172,2025-01-29,2714.29,54.29,9.77,2650.23,False,
SETT-BATCH0196-ORD01173,ORD01173,2025-01-29,1735.95,34.72,6.25,1694.98,False,
SETT-BATCH0196-ORD01174,ORD01174,2025-01-29,23007.83,460.16,82.83,22464.84,False,
SETT-BATCH0196-ORD01175,ORD01175,2025-01-29,3271.78,65.44,11.78,3194.56,False,
SETT-BATCH0196-ORD01176,ORD01176,2025-01-29,5227.08,104.54,18.82,5103.72,False,
SETT-BATCH0197-ORD01177,ORD01177,2025-01-31,10434.22,208.68,37.56,10187.98,False,
SETT-BATCH0197-ORD01178,ORD01178,2025-01-31,13010.9,260.22,46.84,12703.84,False,
SETT-BATCH0197-ORD01179,ORD01179,2025-01-31,1184.67,23.69,4.26,1156.72,False,
SETT-BATCH0197-ORD01180,ORD01180,2025-01-31,4191.82,83.84,15.09,4092.89,False,
SETT-BATCH0197-ORD01181,ORD01181,2025-01-31,7083.28,141.67,25.5,6916.11,False,
SETT-BATCH0197-ORD01182,ORD01182,2025-01-31,3935.5,78.71,14.17,3842.62,False,
SETT-BATCH0198-ORD01183,ORD01183,2025-01-27,3420.67,68.41,12.31,3339.95,False,
SETT-BATCH0198-ORD01184,ORD01184,2025-01-27,4798.08,95.96,17.27,4684.85,False,
SETT-BATCH0198-ORD01185,ORD01185,2025-01-27,13879.9,277.6,49.97,13552.33,False,
SETT-BATCH0198-ORD01186,ORD01186,2025-01-27,541.18,10.82,1.95,528.41,False,
SETT-BATCH0198-ORD01187,ORD01187,2025-01-27,1358.39,27.17,4.89,1326.33,False,
SETT-BATCH0198-ORD01188,ORD01188,2025-01-27,19710.7,394.21,70.96,19245.53,False,
SETT-BATCH0199-ORD01189,ORD01189,2025-04-26,1477.38,29.55,5.32,1442.51,False,
SETT-BATCH0199-ORD01190,ORD01190,2025-04-26,1670.46,33.41,6.01,1631.04,False,
SETT-BATCH0199-ORD01191,ORD01191,2025-04-26,1867.27,37.35,6.72,1823.2,False,
SETT-BATCH0199-ORD01192,ORD01192,2025-04-26,1701.3,34.03,6.13,1661.14,False,
SETT-BATCH0199-ORD01193,ORD01193,2025-04-26,1707.63,34.15,6.15,1667.33,False,
SETT-BATCH0199-ORD01194,ORD01194,2025-04-26,7674.95,153.5,27.63,7493.82,False,
SETT-BATCH0200-ORD01195,ORD01195,2025-05-22,5011.8,100.24,18.04,4893.52,False,
SETT-BATCH0200-ORD01196,ORD01196,2025-05-22,3745.67,74.91,13.48,3657.28,False,
SETT-BATCH0200-ORD01197,ORD01197,2025-05-22,8594.49,171.89,30.94,8391.66,False,
SETT-BATCH0200-ORD01198,ORD01198,2025-05-22,2058.78,41.18,7.41,2010.19,False,
SETT-BATCH0200-ORD01199,ORD01199,2025-05-22,45984.46,919.69,165.54,44899.23,False,
SETT-BATCH0200-ORD01200,ORD01200,2025-05-22,6872.4,137.45,24.74,6710.21,False,
SETT-BATCH0201-ORD01201,ORD01201,2025-05-05,5853.91,117.08,21.07,5715.76,False,
SETT-BATCH0201-ORD01202,ORD01202,2025-05-05,41014.87,820.3,147.65,40046.92,False,
SETT-BATCH0201-ORD01203,ORD01203,2025-05-05,1566.64,31.33,5.64,1529.67,False,
SETT-BATCH0201-ORD01204,ORD01204,2025-05-05,724.89,14.5,2.61,707.78,False,
SETT-BATCH0201-ORD01205,ORD01205,2025-05-05,22081.45,441.63,79.49,21560.33,False,
SETT-BATCH0201-ORD01206,ORD01206,2025-05-05,4556.69,91.13,16.4,4449.16,False,
SETT-BATCH0202-ORD01207,ORD01207,2025-03-15,7243.2,144.86,26.07,7072.27,False,
SETT-BATCH0202-ORD01208,ORD01208,2025-03-15,1127.85,22.56,4.06,1101.23,False,
SETT-BATCH0202-ORD01209,ORD01209,2025-03-15,6664.19,133.28,23.99,6506.92,False,
SETT-BATCH0202-ORD01210,ORD01210,2025-03-15,15147.51,302.95,54.53,14790.03,False,
SETT-BATCH0202-ORD01211,ORD01211,2025-03-15,7106.51,142.13,25.58,6938.8,False,
SETT-BATCH0202-ORD01212,ORD01212,2025-03-15,20078.03,401.56,72.28,19604.19,False,
SETT-BATCH0203-ORD01213,ORD01213,2025-02-20,754.98,15.1,2.72,737.16,False,
SETT-BATCH0203-ORD01214,ORD01214,2025-02-20,12717.04,254.34,45.78,12416.92,False,
SETT-BATCH0203-ORD01215,ORD01215,2025-02-20,7927.35,158.55,28.54,7740.26,False,
SETT-BATCH0203-ORD01216,ORD01216,2025-02-20,12746.03,254.92,45.89,12445.22,False,
SETT-BATCH0203-ORD01217,ORD01217,2025-02-20,19816.52,396.33,71.34,19348.85,False,
SETT-BATCH0203-ORD01218,ORD01218,2025-02-20,1616.31,32.33,5.82,1578.16,False,
SETT-BATCH0204-ORD01219,ORD01219,2025-03-04,9094.75,181.9,32.74,8880.11,False,
SETT-BATCH0204-ORD01220,ORD01220,2025-03-04,941.08,18.82,3.39,918.87,False,
SETT-BATCH0204-ORD01221,ORD01221,2025-03-04,8931.15,178.62,32.15,8720.38,False,
SETT-BATCH0204-ORD01222,ORD01222,2025-03-04,6965.24,139.3,25.07,6800.87,False,
SETT-BATCH0204-ORD01223,ORD01223,2025-03-04,17507.16,350.14,63.03,17093.99,False,
SETT-BATCH0204-ORD01224,ORD01224,2025-03-04,947.53,18.95,3.41,925.17,False,
SETT-BATCH0205-ORD01225,ORD01225,2025-01-29,12261.68,245.23,44.14,11972.31,False,
SETT-BATCH0205-ORD01226,ORD01226,2025-01-29,1980.79,39.62,7.13,1934.04,False,
SETT-BATCH0205-ORD01227,ORD01227,2025-01-29,1793.59,35.87,6.46,1751.26,False,
SETT-BATCH0205-ORD01228,ORD01228,2025-01-29,17313.71,346.27,62.33,16905.11,False,
SETT-BATCH0205-ORD01229,ORD01229,2025-01-29,32835.35,656.71,118.21,32060.43,False,
SETT-BATCH0205-ORD01230,ORD01230,2025-01-29,910.29,18.21,3.28,888.8,False,
SETT-BATCH0206-ORD01231,ORD01231,2025-02-16,3267.48,65.35,11.76,3190.37,False,
SETT-BATCH0206-ORD01232,ORD01232,2025-02-16,1150.57,23.01,4.14,1123.42,False,
SETT-BATCH0206-ORD01233,ORD01233,2025-02-16,9722.62,194.45,35.0,9493.17,False,
SETT-BATCH0206-ORD01234,ORD01234,2025-02-16,1300.67,26.01,4.68,1269.98,False,
SETT-BATCH0206-ORD01235,ORD01235,2025-02-16,47300.16,946.0,170.28,46183.88,False,
SETT-BATCH0206-ORD01236,ORD01236,2025-02-16,1515.12,30.3,5.45,1479.37,False,
SETT-BATCH0207-ORD01237,ORD01237,2025-01-25,3810.13,76.2,13.72,3720.21,False,
SETT-BATCH0207-ORD01238,ORD01238,2025-01-25,654.06,13.08,2.35,638.63,False,
SETT-BATCH0207-ORD01239,ORD01239,2025-01-25,3336.16,66.72,12.01,3257.43,False,
SETT-BATCH0207-ORD01240,ORD01240,2025-01-25,936.24,18.72,3.37,914.15,False,
SETT-BATCH0207-ORD01241,ORD01241,2025-01-25,4702.68,94.05,16.93,4591.7,False,
SETT-BATCH0207-ORD01242,ORD01242,2025-01-25,33568.32,671.37,120.85,32776.1,False,
SETT-BATCH0208-ORD01243,ORD01243,2025-03-10,782.64,15.65,2.82,764.17,False,
SETT-BATCH0208-ORD01244,ORD01244,2025-03-10,836.48,16.73,3.01,816.74,False,
SETT-BATCH0208-ORD01245,ORD01245,2025-03-10,532.87,10.66,1.92,520.29,False,
SETT-BATCH0208-ORD01246,ORD01246,2025-03-10,1049.89,21.0,3.78,1025.11,False,
SETT-BATCH0208-ORD01247,ORD01247,2025-03-10,15627.89,312.56,56.26,15259.07,False,
SETT-BATCH0208-ORD01248,ORD01248,2025-03-10,1302.1,26.04,4.69,1271.37,False,
SETT-BATCH0209-ORD01249,ORD01249,2025-01-06,2383.68,47.67,8.58,2327.43,False,
SETT-BATCH0209-ORD01250,ORD01250,2025-01-06,2157.93,43.16,7.77,2107.0,False,
SETT-BATCH0209-ORD01251,ORD01251,2025-01-06,1166.47,23.33,4.2,1138.94,False,
SETT-BATCH0209-ORD01252,ORD01252,2025-01-06,5795.17,115.9,20.86,5658.41,False,
SETT-BATCH0209-ORD01253,ORD01253,2025-01-06,1528.61,30.57,5.5,1492.54,False,
SETT-BATCH0209-ORD01254,ORD01254,2025-01-06,1492.5,29.85,5.37,1457.28,False,
SETT-BATCH0210-ORD01255,ORD01255,2025-02-24,6982.38,139.65,25.14,6817.59,False,
SETT-BATCH0210-ORD01256,ORD01256,2025-02-24,1745.98,34.92,6.29,1704.77,False,
SETT-BATCH0210-ORD01257,ORD01257,2025-02-24,6941.58,138.83,24.99,6777.76,False,
SETT-BATCH0210-ORD01258,ORD01258,2025-02-24,659.4,13.19,2.37,643.84,False,
SETT-BATCH0210-ORD01259,ORD01259,2025-02-24,8223.67,164.47,29.6,8029.6,False,
SETT-BATCH0210-ORD01260,ORD01260,2025-02-24,33948.05,678.96,122.21,33146.88,False,
SETT-BATCH0211-ORD01261,ORD01261,2025-02-18,559.11,11.18,2.01,545.92,False,
SETT-BATCH0211-ORD01262,ORD01262,2025-02-18,20323.06,406.46,73.16,19843.44,False,
SETT-BATCH0211-ORD01263,ORD01263,2025-02-18,504.11,16.13,2.9,485.08,False,
SETT-BATCH0211-ORD01264,ORD01264,2025-02-18,665.65,13.31,2.4,649.94,False,
SETT-BATCH0211-ORD01265,ORD01265,2025-02-18,3193.16,63.86,11.49,3117.81,False,
SETT-BATCH0211-ORD01266,ORD01266,2025-02-18,11125.72,222.51,40.05,10863.16,False,
SETT-BATCH0212-ORD01267,ORD01267,2025-01-22,19665.05,393.3,70.79,19200.96,False,
SETT-BATCH0212-ORD01268,ORD01268,2025-01-22,32400.55,648.01,116.64,31635.9,False,
SETT-BATCH0212-ORD01269,ORD01269,2025-01-22,1719.77,34.4,6.19,1679.18,False,
SETT-BATCH0212-ORD01270,ORD01270,2025-01-22,15403.22,308.06,55.45,15039.71,False,
SETT-BATCH0212-ORD01271,ORD01271,2025-01-22,1607.81,32.16,5.79,1569.86,False,
SETT-BATCH0212-ORD01272,ORD01272,2025-01-22,23354.38,467.09,84.08,22803.21,False,
SETT-BATCH0213-ORD01273,ORD01273,2025-01-06,19950.33,399.01,71.82,19479.5,False,
SETT-BATCH0213-ORD01274,ORD01274,2025-01-06,1841.79,36.84,6.63,1798.32,False,
SETT-BATCH0213-ORD01275,ORD01275,2025-01-06,1599.6,31.99,5.76,1561.85,False,
SETT-BATCH0213-ORD01276,ORD01276,2025-01-06,12743.04,254.86,45.87,12442.31,False,
SETT-BATCH0213-ORD01277,ORD01277,2025-01-06,5652.31,113.05,20.35,5518.91,False,
SETT-BATCH0213-ORD01278,ORD01278,2025-01-06,5825.96,116.52,20.97,5688.47,False,
SETT-BATCH0214-ORD01279,ORD01279,2025-02-28,8375.28,167.51,30.15,8177.62,True,Risk Review
SETT-BATCH0214-ORD01280,ORD01280,2025-02-28,1589.62,31.79,5.72,1552.11,True,Risk Review
SETT-BATCH0214-ORD01281,ORD01281,2025-02-28,1866.84,37.34,6.72,1822.78,True,Risk Review
SETT-BATCH0214-ORD01282,ORD01282,2025-02-28,20175.9,403.52,72.63,19699.75,True,Risk Review
SETT-BATCH0214-ORD01283,ORD01283,2025-02-28,8233.31,164.67,29.64,8039.0,True,Risk Review
SETT-BATCH0214-ORD01284,ORD01284,2025-02-28,1526.7,30.53,5.5,1490.67,True,Risk Review
SETT-BATCH0215-ORD01285,ORD01285,2025-03-10,5904.98,118.1,21.26,5765.62,False,
SETT-BATCH0215-ORD01286,ORD01286,2025-03-10,2506.69,50.13,9.02,2447.54,False,
SETT-BATCH0215-ORD01287,ORD01287,2025-03-10,1556.85,31.14,5.61,1520.1,False,
SETT-BATCH0215-ORD01288,ORD01288,2025-03-10,7948.99,158.98,28.62,7761.39,False,
SETT-BATCH0215-ORD01289,ORD01289,2025-03-10,1933.64,38.67,6.96,1888.01,False,
SETT-BATCH0215-ORD01290,ORD01290,2025-03-10,7505.93,150.12,27.02,7328.79,False,
SETT-BATCH0216-ORD01291,ORD01291,2025-01-07,1492.57,29.85,5.37,1457.35,False,
SETT-BATCH0216-ORD01292,ORD01292,2025-01-07,7309.69,146.19,26.31,7137.19,False,
SETT-BATCH0216-ORD01293,ORD01293,2025-01-07,1758.55,35.17,6.33,1717.05,False,
SETT-BATCH0216-ORD01294,ORD01294,2025-01-07,19193.71,383.87,69.1,18740.74,False,
SETT-BATCH0216-ORD01295,ORD01295,2025-01-07,3255.42,65.11,11.72,3178.59,False,
SETT-BATCH0216-ORD01296,ORD01296,2025-01-07,23041.23,460.82,82.95,22497.46,False,
SETT-BATCH0217-ORD01297,ORD01297,2025-02-09,14809.51,296.19,53.31,14460.01,False,
SETT-BATCH0217-ORD01298,ORD01298,2025-02-09,26258.77,525.18,94.53,25639.06,False,
SETT-BATCH0217-ORD01299,ORD01299,2025-02-09,5029.1,100.58,18.1,4910.42,False,
SETT-BATCH0217-ORD01300,ORD01300,2025-02-09,1166.28,23.33,4.2,1138.75,False,
SETT-BATCH0217-ORD01301,ORD01301,2025-02-09,8852.71,177.05,31.87,8643.79,False,
SETT-BATCH0217-ORD01302,ORD01302,2025-02-09,1971.01,39.42,7.1,1924.49,False,
SETT-BATCH0218-ORD01303,ORD01303,2025-01-20,1105.16,22.1,3.98,1079.08,False,
SETT-BATCH0218-ORD01304,ORD01304,2025-01-20,2001.36,40.03,7.21,1954.12,False,
SETT-BATCH0218-ORD01305,ORD01305,2025-01-20,24447.57,488.95,88.01,23870.61,False,
SETT-BATCH0218-ORD01306,ORD01306,2025-01-20,1262.51,25.25,4.54,1232.72,False,
SETT-BATCH0218-ORD01307,ORD01307,2025-01-20,5649.66,112.99,20.34,5516.33,False,
SETT-BATCH0218-ORD01308,ORD01308,2025-01-20,581.41,11.63,2.09,567.69,False,
SETT-BATCH0219-ORD01309,ORD01309,2025-04-25,14979.59,299.59,53.93,14626.07,False,
SETT-BATCH0219-ORD01310,ORD01310,2025-04-25,7733.26,154.67,27.84,7550.75,False,
SETT-BATCH0219-ORD01311,ORD01311,2025-04-25,2912.19,58.24,10.48,2843.47,False,
SETT-BATCH0219-ORD01312,ORD01312,2025-04-25,1012.04,20.24,3.64,988.16,False,
SETT-BATCH0219-ORD01313,ORD01313,2025-04-25,32299.59,645.99,116.28,31537.32,False,
SETT-BATCH0219-ORD01314,ORD01314,2025-04-25,659.48,13.19,2.37,643.92,False,
SETT-BATCH0220-ORD01315,ORD01315,2025-03-27,8574.71,171.49,30.87,8372.35,False,
SETT-BATCH0220-ORD01316,ORD01316,2025-03-27,1416.28,28.33,5.1,1382.85,False,
SETT-BATCH0220-ORD01317,ORD01317,2025-03-27,1778.29,35.57,6.4,1736.32,False,
SETT-BATCH0220-ORD01318,ORD01318,2025-03-27,8251.36,165.03,29.71,8056.62,False,
SETT-BATCH0220-ORD01319,ORD01319,2025-03-27,1121.71,22.43,4.04,1095.24,False,
SETT-BATCH0220-ORD01320,ORD01320,2025-03-27,18832.17,376.64,67.8,18387.73,False,
SETT-BATCH0221-ORD01321,ORD01321,2025-08-11,6714.53,134.29,24.17,6556.07,False,
SETT-BATCH0221-ORD01322,ORD01322,2025-08-11,1248.24,24.96,4.49,1218.79,False,
SETT-BATCH0221-ORD01323,ORD01323,2025-08-11,6425.81,128.52,23.13,6274.16,False,
SETT-BATCH0221-ORD01324,ORD01324,2025-08-11,17243.98,344.88,62.08,16837.02,False,
SETT-BATCH0221-ORD01325,ORD01325,2025-08-11,23652.72,473.05,85.15,23094.52,False,
SETT-BATCH0221-ORD01326,ORD01326,2025-08-11,7843.96,156.88,28.24,7658.84,False,
SETT-BATCH0222-ORD01327,ORD01327,2025-03-08,1486.28,29.73,5.35,1451.2,False,
SETT-BATCH0222-ORD01328,ORD01328,2025-03-08,17561.65,351.23,63.22,17147.2,False,
SETT-BATCH0222-ORD01329,ORD01329,2025-03-08,6871.95,137.44,24.74,6709.77,False,
SETT-BATCH0222-ORD01330,ORD01330,2025-03-08,14103.94,282.08,50.77,13771.09,False,
SETT-BATCH0222-ORD01331,ORD01331,2025-03-08,36321.14,726.42,130.76,35463.96,False,
SETT-BATCH0222-ORD01332,ORD01332,2025-03-08,1403.79,28.08,5.05,1370.66,False,
SETT-BATCH0223-ORD01333,ORD01333,2025-03-10,1552.24,31.04,5.59,1515.61,False,
SETT-BATCH0223-ORD01334,ORD01334,2025-03-10,9484.1,189.68,34.14,9260.28,False,
SETT-BATCH0223-ORD01335,ORD01335,2025-03-10,814.57,16.29,2.93,795.35,False,
SETT-BATCH0223-ORD01336,ORD01336,2025-03-10,9369.53,187.39,33.73,9148.41,False,
SETT-BATCH0223-ORD01337,ORD01337,2025-03-10,41252.16,825.04,148.51,40278.61,False,
SETT-BATCH0223-ORD01338,ORD01338,2025-03-10,7554.5,151.09,27.2,7376.21,False,
SETT-BATCH0224-ORD01339,ORD01339,2025-01-08,8086.2,161.72,29.11,7895.37,True,Risk Review
SETT-BATCH0224-ORD01340,ORD01340,2025-01-08,6565.11,131.3,23.63,6410.18,True,Risk Review
SETT-BATCH0224-ORD01341,ORD01341,2025-01-08,7393.95,147.88,26.62,7219.45,True,Risk Review
SETT-BATCH0224-ORD01342,ORD01342,2025-01-08,1770.95,35.42,6.38,1729.15,True,Risk Review
SETT-BATCH0224-ORD01343,ORD01343,2025-01-08,2202.18,44.04,7.93,2150.21,True,Risk Review
SETT-BATCH0224-ORD01344,ORD01344,2025-01-08,584.91,11.7,2.11,571.1,True,Risk Review
SETT-BATCH0225-ORD01345,ORD01345,2025-02-02,12414.03,248.28,44.69,12121.06,False,
SETT-BATCH0225-ORD01346,ORD01346,2025-02-02,3171.43,63.43,11.42,3096.58,False,
SETT-BATCH0225-ORD01347,ORD01347,2025-02-02,4361.12,87.22,15.7,4258.2,False,
SETT-BATCH0225-ORD01348,ORD01348,2025-02-02,1721.04,34.42,6.2,1680.42,False,
SETT-BATCH0225-ORD01349,ORD01349,2025-02-02,7404.21,148.08,26.65,7229.48,False,
SETT-BATCH0225-ORD01350,ORD01350,2025-02-02,21136.19,422.72,76.09,20637.38,False,
SETT-BATCH0226-ORD01351,ORD01351,2025-01-08,1266.38,25.33,4.56,1236.49,False,
SETT-BATCH0226-ORD01352,ORD01352,2025-01-08,1496.74,29.93,5.39,1461.42,False,
SETT-BATCH0226-ORD01353,ORD01353,2025-01-08,1935.05,38.7,6.97,1889.38,False,
SETT-BATCH0226-ORD01354,ORD01354,2025-01-08,1328.19,26.56,4.78,1296.85,False,
SETT-BATCH0226-ORD01355,ORD01355,2025-01-08,3624.7,72.49,13.05,3539.16,False,
SETT-BATCH0226-ORD01356,ORD01356,2025-01-08,23672.3,473.45,85.22,23113.63,False,
SETT-BATCH0227-ORD01357,ORD01357,2025-04-10,4941.93,98.84,17.79,4825.3,False,
SETT-BATCH0227-ORD01358,ORD01358,2025-04-10,6827.1,136.54,24.58,6665.98,False,
SETT-BATCH0227-ORD01359,ORD01359,2025-04-10,766.14,15.32,2.76,748.06,False,
SETT-BATCH0227-ORD01360,ORD01360,2025-04-10,1943.71,38.87,7.0,1897.84,False,
SETT-BATCH0227-ORD01361,ORD01361,2025-04-10,560.95,17.95,3.23,539.77,False,
SETT-BATCH0227-ORD01362,ORD01362,2025-04-10,3040.53,60.81,10.95,2968.77,False,
SETT-BATCH0228-ORD01363,ORD01363,2025-02-07,10084.68,201.69,36.3,9846.69,True,Risk Review
SETT-BATCH0228-ORD01364,ORD01364,2025-02-07,3238.45,64.77,11.66,3162.02,True,Risk Review
SETT-BATCH0228-ORD01365,ORD01365,2025-02-07,18953.2,379.06,68.23,18505.91,True,Risk Review
SETT-BATCH0228-ORD01366,ORD01366,2025-02-07,7295.12,145.9,26.26,7122.96,True,Risk Review
SETT-BATCH0228-ORD01367,ORD01367,2025-02-07,18252.4,365.05,65.71,17821.64,True,Risk Review
SETT-BATCH0228-ORD01368,ORD01368,2025-02-07,14767.89,295.36,53.16,14419.37,True,Risk Review
SETT-BATCH0229-ORD01369,ORD01369,2025-04-21,38015.16,760.3,136.85,37118.01,False,
SETT-BATCH0229-ORD01370,ORD01370,2025-04-21,1314.62,26.29,4.73,1283.6,False,
SETT-BATCH0229-ORD01371,ORD01371,2025-04-21,831.8,16.64,3.0,812.16,False,
SETT-BATCH0229-ORD01372,ORD01372,2025-04-21,4648.53,92.97,16.73,4538.83,False,
SETT-BATCH0229-ORD01373,ORD01373,2025-04-21,1628.98,32.58,5.86,1590.54,False,
SETT-BATCH0229-ORD01374,ORD01374,2025-04-21,6490.68,129.81,23.37,6337.5,False,
SETT-BATCH0230-ORD01375,ORD01375,2025-03-01,1503.41,30.07,5.41,1467.93,False,
SETT-BATCH0230-ORD01376,ORD01376,2025-03-01,1463.4,29.27,5.27,1428.86,False,
SETT-BATCH0230-ORD01377,ORD01377,2025-03-01,559.82,11.2,2.02,546.6,False,
SETT-BATCH0230-ORD01378,ORD01378,2025-03-01,1694.31,33.89,6.1,1654.32,False,
SETT-BATCH0230-ORD01379,ORD01379,2025-03-01,1310.36,26.21,4.72,1279.43,False,
SETT-BATCH0230-ORD01380,ORD01380,2025-03-01,1275.3,25.51,4.59,1245.2,False,
SETT-BATCH0231-ORD01381,ORD01381,2025-02-19,6069.88,121.4,21.85,5926.63,False,
SETT-BATCH0231-ORD01382,ORD01382,2025-02-19,1847.42,36.95,6.65,1803.82,False,
SETT-BATCH0231-ORD01383,ORD01383,2025-02-19,623.52,12.47,2.24,608.81,False,
SETT-BATCH0231-ORD01384,ORD01384,2025-02-19,1934.41,38.69,6.96,1888.76,False,
SETT-BATCH0231-ORD01385,ORD01385,2025-02-19,7015.46,140.31,25.26,6849.89,False,
SETT-BATCH0231-ORD01386,ORD01386,2025-02-19,8188.66,163.77,29.48,7995.41,False,
SETT-BATCH0232-ORD01387,ORD01387,2025-04-03,2831.41,56.63,10.19,2764.59,False,
SETT-BATCH0232-ORD01388,ORD01388,2025-04-03,23179.56,463.59,83.45,22632.52,False,
SETT-BATCH0232-ORD01389,ORD01389,2025-04-03,9518.01,190.36,34.26,9293.39,False,
SETT-BATCH0232-ORD01390,ORD01390,2025-04-03,1188.84,23.78,4.28,1160.78,False,
SETT-BATCH0232-ORD01391,ORD01391,2025-04-03,609.87,12.2,2.2,595.47,False,
SETT-BATCH0232-ORD01392,ORD01392,2025-04-03,18371.26,367.43,66.14,17937.69,False,
SETT-BATCH0233-ORD01393,ORD01393,2025-01-25,23664.8,473.3,85.19,23106.31,False,
SETT-BATCH0233-ORD01394,ORD01394,2025-01-25,1445.33,28.91,5.2,1411.22,False,
SETT-BATCH0233-ORD01395,ORD01395,2025-01-25,1084.25,21.68,3.9,1058.67,False,
SETT-BATCH0233-ORD01396,ORD01396,2025-01-25,7131.38,142.63,25.67,6963.08,False,
SETT-BATCH0233-ORD01397,ORD01397,2025-01-25,1618.93,32.38,5.83,1580.72,False,
SETT-BATCH0233-ORD01398,ORD01398,2025-01-25,2580.72,51.61,9.29,2519.82,False,
SETT-BATCH0234-ORD01399,ORD01399,2025-01-17,1680.34,33.61,6.05,1640.68,False,
SETT-BATCH0234-ORD01400,ORD01400,2025-01-17,4252.14,85.04,15.31,4151.79,False,
SETT-BATCH0234-ORD01401,ORD01401,2025-01-17,1733.18,34.66,6.24,1692.28,False,
SETT-BATCH0234-ORD01402,ORD01402,2025-01-17,6267.74,125.35,22.56,6119.83,False,
SETT-BATCH0234-ORD01403,ORD01403,2025-01-17,8374.16,167.48,30.15,8176.53,False,
SETT-BATCH0234-ORD01404,ORD01404,2025-01-17,1451.07,29.02,5.22,1416.83,False,
SETT-BATCH0235-ORD01405,ORD01405,2025-01-24,9313.35,186.27,33.53,9093.55,True,Risk Review
SETT-BATCH0235-ORD01406,ORD01406,2025-01-24,1924.2,38.48,6.93,1878.79,True,Risk Review
SETT-BATCH0235-ORD01407,ORD01407,2025-01-24,12120.61,242.41,43.63,11834.57,True,Risk Review
SETT-BATCH0235-ORD01408,ORD01408,2025-01-24,1394.98,27.9,5.02,1362.06,True,Risk Review
SETT-BATCH0235-ORD01409,ORD01409,2025-01-24,2681.01,53.62,9.65,2617.74,True,Risk Review
SETT-BATCH0235-ORD01410,ORD01410,2025-01-24,9228.37,184.57,33.22,9010.58,True,Risk Review
SETT-BATCH0236-ORD01411,ORD01411,2025-01-28,1858.44,37.17,6.69,1814.58,False,
SETT-BATCH0236-ORD01412,ORD01412,2025-01-28,775.99,15.52,2.79,757.68,False,
SETT-BATCH0236-ORD01413,ORD01413,2025-01-28,12914.89,258.3,46.49,12610.1,False,
SETT-BATCH0236-ORD01414,ORD01414,2025-01-28,6538.34,130.77,23.54,6384.03,False,
SETT-BATCH0236-ORD01415,ORD01415,2025-01-28,23985.55,479.71,86.35,23419.49,False,
SETT-BATCH0236-ORD01416,ORD01416,2025-01-28,6397.32,127.95,23.03,6246.34,False,
SETT-BATCH0237-ORD01417,ORD01417,2025-04-11,4005.5,80.11,14.42,3910.97,False,
SETT-BATCH0237-ORD01418,ORD01418,2025-04-11,5897.52,117.95,21.23,5758.34,False,
SETT-BATCH0237-ORD01419,ORD01419,2025-04-11,1506.94,30.14,5.43,1471.37,False,
SETT-BATCH0237-ORD01420,ORD01420,2025-04-11,1429.27,28.59,5.15,1395.53,False,
SETT-BATCH0237-ORD01421,ORD01421,2025-04-11,1175.97,23.52,4.23,1148.22,False,
SETT-BATCH0237-ORD01422,ORD01422,2025-04-11,7547.67,150.95,27.17,7369.55,False,
SETT-BATCH0238-ORD01423,ORD01423,2025-03-11,4915.95,98.32,17.7,4799.93,False,
SETT-BATCH0238-ORD01424,ORD01424,2025-03-11,29215.99,584.32,105.18,28526.49,False,
SETT-BATCH0238-ORD01425,ORD01425,2025-03-11,832.29,16.65,3.0,812.64,False,
SETT-BATCH0238-ORD01426,ORD01426,2025-03-11,8720.88,174.42,31.4,8515.06,False,
SETT-BATCH0238-ORD01427,ORD01427,2025-03-11,4652.5,93.05,16.75,4542.7,False,
SETT-BATCH0238-ORD01428,ORD01428,2025-03-11,4869.93,97.4,17.53,4755.0,False,
SETT-BATCH0239-ORD01429,ORD01429,2025-01-11,2870.66,57.41,10.33,2802.92,True,Risk Review
SETT-BATCH0239-ORD01430,ORD01430,2025-01-11,8734.34,174.69,31.44,8528.21,True,Risk Review
SETT-BATCH0239-ORD01431,ORD01431,2025-01-11,12946.48,258.93,46.61,12640.94,True,Risk Review
SETT-BATCH0239-ORD01432,ORD01432,2025-01-11,613.1,12.26,2.21,598.63,True,Risk Review
SETT-BATCH0239-ORD01433,ORD01433,2025-01-11,19474.4,389.49,70.11,19014.8,True,Risk Review
SETT-BATCH0239-ORD01434,ORD01434,2025-01-11,8153.6,163.07,29.35,7961.18,True,Risk Review
SETT-BATCH0240-ORD01435,ORD01435,2025-02-17,18273.91,365.48,65.79,17842.64,False,
SETT-BATCH0240-ORD01436,ORD01436,2025-02-17,18095.16,361.9,65.14,17668.12,False,
SETT-BATCH0240-ORD01437,ORD01437,2025-02-17,15487.28,309.75,55.75,15121.78,False,
SETT-BATCH0240-ORD01438,ORD01438,2025-02-17,18844.01,376.88,67.84,18399.29,False,
SETT-BATCH0240-ORD01439,ORD01439,2025-02-17,1251.68,25.03,4.51,1222.14,False,
SETT-BATCH0240-ORD01440,ORD01440,2025-02-17,1253.25,25.07,4.51,1223.67,False,
SETT-BATCH0241-ORD01441,ORD01441,2025-03-14,1946.0,38.92,7.01,1900.07,False,
SETT-BATCH0241-ORD01442,ORD01442,2025-03-14,8057.65,161.15,29.01,7867.49,False,
SETT-BATCH0241-ORD01443,ORD01443,2025-03-14,3433.16,68.66,12.36,3352.14,False,
SETT-BATCH0241-ORD01444,ORD01444,2025-03-14,9741.88,194.84,35.07,9511.97,False,
SETT-BATCH0241-ORD01445,ORD01445,2025-03-14,10606.3,212.13,38.18,10355.99,False,
SETT-BATCH0241-ORD01446,ORD01446,2025-03-14,896.54,17.93,3.23,875.38,False,
SETT-BATCH0242-ORD01447,ORD01447,2025-01-25,810.16,16.2,2.92,791.04,False,
SETT-BATCH0242-ORD01448,ORD01448,2025-01-25,1876.85,37.54,6.76,1832.55,False,
SETT-BATCH0242-ORD01449,ORD01449,2025-01-25,1472.79,29.46,5.3,1438.03,False,
SETT-BATCH0242-ORD01450,ORD01450,2025-01-25,6170.98,123.42,22.22,6025.34,False,
SETT-BATCH0242-ORD01451,ORD01451,2025-01-25,13949.74,278.99,50.22,13620.53,False,
SETT-BATCH0242-ORD01452,ORD01452,2025-01-25,5013.28,100.27,18.05,4894.96,False,
SETT-BATCH0243-ORD01453,ORD01453,2025-02-10,1480.0,29.6,5.33,1445.07,False,
SETT-BATCH0243-ORD01454,ORD01454,2025-02-10,5010.63,100.21,18.04,4892.38,False,
SETT-BATCH0243-ORD01455,ORD01455,2025-02-10,4823.18,96.46,17.36,4709.36,False,
SETT-BATCH0243-ORD01456,ORD01456,2025-02-10,5856.88,117.14,21.09,5718.65,False,
SETT-BATCH0243-ORD01457,ORD01457,2025-02-10,1823.05,36.46,6.56,1780.03,False,
SETT-BATCH0243-ORD01458,ORD01458,2025-02-10,615.63,12.31,2.22,601.1,False,
SETT-BATCH0244-ORD01459,ORD01459,2025-03-03,725.36,14.51,2.61,708.24,False,
SETT-BATCH0244-ORD01460,ORD01460,2025-03-03,1575.95,31.52,5.67,1538.76,False,
SETT-BATCH0244-ORD01461,ORD01461,2025-03-03,5316.91,106.34,19.14,5191.43,False,
SETT-BATCH0244-ORD01462,ORD01462,2025-03-03,5852.13,117.04,21.07,5714.02,False,
SETT-BATCH0244-ORD01463,ORD01463,2025-03-03,6726.33,134.53,24.22,6567.58,False,
SETT-BATCH0244-ORD01464,ORD01464,2025-03-03,10336.69,206.73,37.21,10092.75,False,
SETT-BATCH0245-ORD01465,ORD01465,2025-01-23,1388.52,27.77,5.0,1355.75,False,
SETT-BATCH0245-ORD01466,ORD01466,2025-01-23,2313.53,46.27,8.33,2258.93,False,
SETT-BATCH0245-ORD01467,ORD01467,2025-01-23,749.51,14.99,2.7,731.82,False,
SETT-BATCH0245-ORD01468,ORD01468,2025-01-23,5243.65,104.87,18.88,5119.9,False,
SETT-BATCH0245-ORD01469,ORD01469,2025-01-23,9028.07,180.56,32.5,8815.01,False,
SETT-BATCH0245-ORD01470,ORD01470,2025-01-23,24208.81,484.18,87.15,23637.48,False,
SETT-BATCH0246-ORD01471,ORD01471,2025-03-28,9942.21,198.84,35.79,9707.58,False,
SETT-BATCH0246-ORD01472,ORD01472,2025-03-28,1745.55,34.91,6.28,1704.36,False,
SETT-BATCH0246-ORD01473,ORD01473,2025-03-28,1373.97,27.48,4.95,1341.54,False,
SETT-BATCH0246-ORD01474,ORD01474,2025-03-28,6086.44,121.73,21.91,5942.8,False,
SETT-BATCH0246-ORD01475,ORD01475,2025-03-28,4741.37,94.83,17.07,4629.47,False,
SETT-BATCH0246-ORD01476,ORD01476,2025-03-28,2550.74,51.01,9.18,2490.55,False,
SETT-BATCH0247-ORD01477,ORD01477,2025-02-20,662.86,13.26,2.39,647.21,False,
SETT-BATCH0247-ORD01478,ORD01478,2025-02-20,9274.71,185.49,33.39,9055.83,False,
SETT-BATCH0247-ORD01479,ORD01479,2025-02-20,3196.49,63.93,11.51,3121.05,False,
SETT-BATCH0247-ORD01480,ORD01480,2025-02-20,1852.41,37.05,6.67,1808.69,False,
SETT-BATCH0247-ORD01481,ORD01481,2025-02-20,1675.8,33.52,6.03,1636.25,False,
SETT-BATCH0247-ORD01482,ORD01482,2025-02-20,11397.85,227.96,41.03,11128.86,False,
SETT-BATCH0248-ORD01483,ORD01483,2025-01-02,1405.21,28.1,5.06,1372.05,False,
SETT-BATCH0248-ORD01484,ORD01484,2025-01-02,21623.06,432.46,77.84,21112.76,False,
SETT-BATCH0248-ORD01485,ORD01485,2025-01-02,5365.47,107.31,19.32,5238.84,False,
SETT-BATCH0248-ORD01486,ORD01486,2025-01-02,5431.65,108.63,19.55,5303.47,False,
SETT-BATCH0248-ORD01487,ORD01487,2025-01-02,15718.55,314.37,56.59,15347.59,False,
SETT-BATCH0248-ORD01488,ORD01488,2025-01-02,23617.88,472.36,85.02,23060.5,False,
SETT-BATCH0249-ORD01489,ORD01489,2025-01-06,5403.92,108.08,19.45,5276.39,False,
SETT-BATCH0249-ORD01490,ORD01490,2025-01-06,3860.1,77.2,13.9,3769.0,False,
SETT-BATCH0249-ORD01491,ORD01491,2025-01-06,1815.15,36.3,6.53,1772.32,False,
SETT-BATCH0249-ORD01492,ORD01492,2025-01-06,508.2,10.16,1.83,496.21,False,
SETT-BATCH0249-ORD01493,ORD01493,2025-01-06,2942.63,58.85,10.59,2873.19,False,
SETT-BATCH0249-ORD01494,ORD01494,2025-01-06,808.13,16.16,2.91,789.06,False,
SETT-BATCH0250-ORD01495,ORD01495,2025-04-16,2852.67,57.05,10.27,2785.35,False,
SETT-BATCH0250-ORD01496,ORD01496,2025-04-16,4029.06,80.58,14.5,3933.98,False,
SETT-BATCH0250-ORD01497,ORD01497,2025-04-16,4925.15,98.5,17.73,4808.92,False,
SETT-BATCH0250-ORD01498,ORD01498,2025-04-16,34936.35,698.73,125.77,34111.85,False,
SETT-BATCH0250-ORD01499,ORD01499,2025-04-16,8270.31,165.41,29.77,8075.13,False,
SETT-BATCH0250-ORD01500,ORD01500,2025-04-16,1338.64,26.77,4.82,1307.05,False,
SETT-BATCH0251-ORD01501,ORD01501,2025-03-14,959.98,19.2,3.46,937.32,False,
SETT-BATCH0251-ORD01502,ORD01502,2025-03-14,15971.95,319.44,57.5,15595.01,False,
SETT-BATCH0251-ORD01503,ORD01503,2025-03-14,19889.24,397.78,71.6,19419.86,False,
SETT-BATCH0251-ORD01504,ORD01504,2025-03-14,7594.49,151.89,27.34,7415.26,False,
SETT-BATCH0251-ORD01505,ORD01505,2025-03-14,1262.52,25.25,4.54,1232.73,False,
SETT-BATCH0251-ORD01506,ORD01506,2025-03-14,19210.38,384.21,69.16,18757.01,False,
SETT-BATCH0252-ORD01507,ORD01507,2025-02-11,3285.9,65.72,11.83,3208.35,False,
SETT-BATCH0252-ORD01508,ORD01508,2025-02-11,636.63,12.73,2.29,621.61,False,
SETT-BATCH0252-ORD01509,ORD01509,2025-02-11,6801.96,136.04,24.49,6641.43,False,
SETT-BATCH0252-ORD01510,ORD01510,2025-02-11,832.66,16.65,3.0,813.01,False,
SETT-BATCH0252-ORD01511,ORD01511,2025-02-11,7795.96,155.92,28.07,7611.97,False,
SETT-BATCH0252-ORD01512,ORD01512,2025-02-11,6168.04,123.36,22.2,6022.48,False,
SETT-BATCH0253-ORD01513,ORD01513,2025-03-31,26436.58,528.73,95.17,25812.68,False,
SETT-BATCH0253-ORD01514,ORD01514,2025-03-31,5511.78,110.24,19.84,5381.7,False,
SETT-BATCH0253-ORD01515,ORD01515,2025-03-31,23961.38,479.23,86.26,23395.89,False,
SETT-BATCH0253-ORD01516,ORD01516,2025-03-31,550.41,11.01,1.98,537.42,False,
SETT-BATCH0253-ORD01517,ORD01517,2025-03-31,7587.6,151.75,27.31,7408.54,False,
SETT-BATCH0253-ORD01518,ORD01518,2025-03-31,554.09,11.08,1.99,541.02,False,
SETT-BATCH0254-ORD01519,ORD01519,2025-02-06,9805.17,196.1,35.3,9573.77,False,
SETT-BATCH0254-ORD01520,ORD01520,2025-02-06,44491.82,889.84,160.17,43441.81,False,
SETT-BATCH0254-ORD01521,ORD01521,2025-02-06,5243.61,104.87,18.88,5119.86,False,
SETT-BATCH0254-ORD01522,ORD01522,2025-02-06,7895.4,157.91,28.42,7709.07,False,
SETT-BATCH0254-ORD01523,ORD01523,2025-02-06,18243.89,364.88,65.68,17813.33,False,
SETT-BATCH0254-ORD01524,ORD01524,2025-02-06,15221.43,304.43,54.8,14862.2,False,
SETT-BATCH0255-ORD01525,ORD01525,2025-03-03,1944.59,38.89,7.0,1898.7,False,
SETT-BATCH0255-ORD01526,ORD01526,2025-03-03,18623.6,372.47,67.04,18184.09,False,
SETT-BATCH0255-ORD01527,ORD01527,2025-03-03,1259.36,25.19,4.53,1229.64,False,
SETT-BATCH0255-ORD01528,ORD01528,2025-03-03,941.38,18.83,3.39,919.16,False,
SETT-BATCH0255-ORD01529,ORD01529,2025-03-03,24350.64,487.01,87.66,23775.97,False,
SETT-BATCH0255-ORD01530,ORD01530,2025-03-03,18623.41,372.47,67.04,18183.9,False,
SETT-BATCH0256-ORD01531,ORD01531,2025-01-17,5016.64,100.33,18.06,4898.25,True,Risk Review
SETT-BATCH0256-ORD01532,ORD01532,2025-01-17,21362.1,427.24,76.9,20857.96,True,Risk Review
SETT-BATCH0256-ORD01533,ORD01533,2025-01-17,9172.19,183.44,33.02,8955.73,True,Risk Review
SETT-BATCH0256-ORD01534,ORD01534,2025-01-17,4062.56,81.25,14.62,3966.69,True,Risk Review
SETT-BATCH0256-ORD01535,ORD01535,2025-01-17,9953.58,199.07,35.83,9718.68,True,Risk Review
SETT-BATCH0256-ORD01536,ORD01536,2025-01-17,8401.29,168.03,30.25,8203.01,True,Risk Review
SETT-BATCH0257-ORD01537,ORD01537,2025-01-06,37912.61,758.25,136.48,37017.88,False,
SETT-BATCH0257-ORD01538,ORD01538,2025-01-06,4106.8,82.14,14.79,4009.87,False,
SETT-BATCH0257-ORD01539,ORD01539,2025-01-06,1510.55,30.21,5.44,1474.9,False,
SETT-BATCH0257-ORD01540,ORD01540,2025-01-06,1897.09,37.94,6.83,1852.32,False,
SETT-BATCH0257-ORD01541,ORD01541,2025-01-06,827.85,16.56,2.98,808.31,False,
SETT-BATCH0257-ORD01542,ORD01542,2025-01-06,1920.68,38.41,6.91,1875.36,False,
SETT-BATCH0258-ORD01543,ORD01543,2025-02-25,12852.51,257.05,46.27,12549.19,False,
SETT-BATCH0258-ORD01544,ORD01544,2025-02-25,863.08,17.26,3.11,842.71,False,
SETT-BATCH0258-ORD01545,ORD01545,2025-02-25,804.15,16.08,2.89,785.18,False,
SETT-BATCH0258-ORD01546,ORD01546,2025-02-25,15340.41,306.81,55.23,14978.37,False,
SETT-BATCH0258-ORD01547,ORD01547,2025-02-25,617.73,12.35,2.22,603.16,False,
SETT-BATCH0258-ORD01548,ORD01548,2025-02-25,2052.99,41.06,7.39,2004.54,False,
SETT-BATCH0259-ORD01549,ORD01549,2025-07-11,46200.26,924.01,166.32,45109.93,False,
SETT-BATCH0259-ORD01550,ORD01550,2025-07-11,5938.72,118.77,21.38,5798.57,False,
SETT-BATCH0259-ORD01551,ORD01551,2025-07-11,17362.08,347.24,62.5,16952.34,False,
SETT-BATCH0259-ORD01552,ORD01552,2025-07-11,833.14,16.66,3.0,813.48,False,
SETT-BATCH0259-ORD01553,ORD01553,2025-07-11,1288.6,25.77,4.64,1258.19,False,
SETT-BATCH0259-ORD01554,ORD01554,2025-07-11,6326.14,126.52,22.77,6176.85,False,
SETT-BATCH0260-ORD01555,ORD01555,2025-01-07,1790.6,35.81,6.45,1748.34,False,
SETT-BATCH0260-ORD01556,ORD01556,2025-01-07,2962.95,59.26,10.67,2893.02,False,
SETT-BATCH0260-ORD01557,ORD01557,2025-01-07,7513.68,150.27,27.05,7336.36,False,
SETT-BATCH0260-ORD01558,ORD01558,2025-01-07,5035.42,100.71,18.13,4916.58,False,
SETT-BATCH0260-ORD01559,ORD01559,2025-01-07,1419.17,28.38,5.11,1385.68,False,
SETT-BATCH0260-ORD01560,ORD01560,2025-01-07,894.27,17.89,3.22,873.16,False,
SETT-BATCH0261-ORD01561,ORD01561,2025-02-22,6904.67,138.09,24.86,6741.72,False,
SETT-BATCH0261-ORD01562,ORD01562,2025-02-22,1135.91,22.72,4.09,1109.1,False,
SETT-BATCH0261-ORD01563,ORD01563,2025-02-22,4978.48,99.57,17.92,4860.99,False,
SETT-BATCH0261-ORD01564,ORD01564,2025-02-22,769.83,15.4,2.77,751.66,False,
SETT-BATCH0261-ORD01565,ORD01565,2025-02-22,42150.3,843.01,151.74,41155.55,False,
SETT-BATCH0261-ORD01566,ORD01566,2025-02-22,8432.7,168.65,30.36,8233.69,False,
SETT-BATCH0262-ORD01567,ORD01567,2025-03-18,5047.07,100.94,18.17,4927.96,False,
SETT-BATCH0262-ORD01568,ORD01568,2025-03-18,21078.13,421.56,75.88,20580.69,False,
SETT-BATCH0262-ORD01569,ORD01569,2025-03-18,12649.11,252.98,45.54,12350.59,False,
SETT-BATCH0262-ORD01570,ORD01570,2025-03-18,1839.91,36.8,6.62,1796.49,False,
SETT-BATCH0262-ORD01571,ORD01571,2025-03-18,7764.48,155.29,27.95,7581.24,False,
SETT-BATCH0262-ORD01572,ORD01572,2025-03-18,1343.21,26.86,4.83,1311.52,False,
SETT-BATCH0263-ORD01573,ORD01573,2025-01-12,648.46,20.75,3.73,623.98,False,
SETT-BATCH0263-ORD01574,ORD01574,2025-01-12,1720.73,34.41,6.19,1680.13,False,
SETT-BATCH0263-ORD01575,ORD01575,2025-01-12,11444.53,228.89,41.2,11174.44,False,
SETT-BATCH0263-ORD01576,ORD01576,2025-01-12,1040.46,20.81,3.75,1015.9,False,
SETT-BATCH0263-ORD01577,ORD01577,2025-01-12,13865.72,277.31,49.92,13538.49,False,
SETT-BATCH0263-ORD01578,ORD01578,2025-01-12,4808.72,96.17,17.31,4695.24,False,
SETT-BATCH0264-ORD01579,ORD01579,2025-02-12,29973.95,599.48,107.91,29266.56,False,
SETT-BATCH0264-ORD01580,ORD01580,2025-02-12,6307.51,126.15,22.71,6158.65,False,
SETT-BATCH0264-ORD01581,ORD01581,2025-02-12,1509.79,30.2,5.44,1474.15,False,
SETT-BATCH0264-ORD01582,ORD01582,2025-02-12,16703.95,334.08,60.13,16309.74,False,
SETT-BATCH0264-ORD01583,ORD01583,2025-02-12,929.79,18.6,3.35,907.84,False,
SETT-BATCH0264-ORD01584,ORD01584,2025-02-12,46706.44,934.13,168.14,45604.17,False,
SETT-BATCH0265-ORD01585,ORD01585,2025-02-07,15060.82,301.22,54.22,14705.38,False,
SETT-BATCH0265-ORD01586,ORD01586,2025-02-07,5238.18,104.76,18.86,5114.56,False,
SETT-BATCH0265-ORD01587,ORD01587,2025-02-07,1015.44,20.31,3.66,991.47,False,
SETT-BATCH0265-ORD01588,ORD01588,2025-02-07,937.03,18.74,3.37,914.92,False,
SETT-BATCH0265-ORD01589,ORD01589,2025-02-07,5163.64,103.27,18.59,5041.78,False,
SETT-BATCH0265-ORD01590,ORD01590,2025-02-07,24081.55,481.63,86.69,23513.23,False,
SETT-BATCH0266-ORD01591,ORD01591,2025-03-29,5602.31,112.05,20.17,5470.09,False,
SETT-BATCH0266-ORD01592,ORD01592,2025-03-29,534.65,10.69,1.92,522.04,False,
SETT-BATCH0266-ORD01593,ORD01593,2025-03-29,9523.5,190.47,34.28,9298.75,False,
SETT-BATCH0266-ORD01594,ORD01594,2025-03-29,3684.57,73.69,13.26,3597.62,False,
SETT-BATCH0266-ORD01595,ORD01595,2025-03-29,595.69,11.91,2.14,581.64,False,
SETT-BATCH0266-ORD01596,ORD01596,2025-03-29,2210.92,44.22,7.96,2158.74,False,
SETT-BATCH0267-ORD01597,ORD01597,2025-02-24,9968.11,199.36,35.88,9732.87,False,
SETT-BATCH0267-ORD01598,ORD01598,2025-02-24,732.91,14.66,2.64,715.61,False,
SETT-BATCH0267-ORD01599,ORD01599,2025-02-24,15847.69,316.95,57.05,15473.69,False,
SETT-BATCH0267-ORD01600,ORD01600,2025-02-24,926.26,18.53,3.34,904.39,False,
SETT-BATCH0267-ORD01601,ORD01601,2025-02-24,1290.11,25.8,4.64,1259.67,False,
SETT-BATCH0267-ORD01602,ORD01602,2025-02-24,1495.32,29.91,5.38,1460.03,False,
SETT-BATCH0268-ORD01603,ORD01603,2025-03-12,17007.9,340.16,61.23,16606.51,False,
SETT-BATCH0268-ORD01604,ORD01604,2025-03-12,18228.18,364.56,65.62,17798.0,False,
SETT-BATCH0268-ORD01605,ORD01605,2025-03-12,42440.57,848.81,152.79,41438.97,False,
SETT-BATCH0268-ORD01606,ORD01606,2025-03-12,5652.35,113.05,20.35,5518.95,False,
SETT-BATCH0268-ORD01607,ORD01607,2025-03-12,16524.66,330.49,59.49,16134.68,False,
SETT-BATCH0268-ORD01608,ORD01608,2025-03-12,4477.29,89.55,16.12,4371.62,False,
SETT-BATCH0269-ORD01609,ORD01609,2025-02-16,3817.03,76.34,13.74,3726.95,False,
SETT-BATCH0269-ORD01610,ORD01610,2025-02-16,4926.27,98.53,17.74,4810.0,False,
SETT-BATCH0269-ORD01611,ORD01611,2025-02-16,515.83,10.32,1.86,503.65,False,
SETT-BATCH0269-ORD01612,ORD01612,2025-02-16,22719.2,454.38,81.79,22183.03,False,
SETT-BATCH0269-ORD01613,ORD01613,2025-02-16,1302.65,26.05,4.69,1271.91,False,
SETT-BATCH0269-ORD01614,ORD01614,2025-02-16,24204.36,484.09,87.14,23633.13,False,
SETT-BATCH0270-ORD01615,ORD01615,2025-05-16,1648.8,32.98,5.94,1609.88,False,
SETT-BATCH0270-ORD01616,ORD01616,2025-05-16,8374.14,167.48,30.15,8176.51,False,
SETT-BATCH0270-ORD01617,ORD01617,2025-05-16,1117.6,22.35,4.02,1091.23,False,
SETT-BATCH0270-ORD01618,ORD01618,2025-05-16,3999.17,79.98,14.4,3904.79,False,
SETT-BATCH0270-ORD01619,ORD01619,2025-05-16,1067.54,21.35,3.84,1042.35,False,
SETT-BATCH0270-ORD01620,ORD01620,2025-05-16,1437.98,28.76,5.18,1404.04,False,
SETT-BATCH0271-ORD01621,ORD01621,2025-02-07,23649.32,472.99,85.14,23091.19,False,
SETT-BATCH0271-ORD01622,ORD01622,2025-02-07,4277.41,85.55,15.4,4176.46,False,
SETT-BATCH0271-ORD01623,ORD01623,2025-02-07,16193.56,323.87,58.3,15811.39,False,
SETT-BATCH0271-ORD01624,ORD01624,2025-02-07,934.39,18.69,3.36,912.34,False,
SETT-BATCH0271-ORD01625,ORD01625,2025-02-07,5622.14,112.44,20.24,5489.46,False,
SETT-BATCH0271-ORD01626,ORD01626,2025-02-07,3502.32,70.05,12.61,3419.66,False,
SETT-BATCH0272-ORD01627,ORD01627,2025-01-05,1954.57,39.09,7.04,1908.44,False,
SETT-BATCH0272-ORD01628,ORD01628,2025-01-05,653.41,13.07,2.35,637.99,False,
SETT-BATCH0272-ORD01629,ORD01629,2025-01-05,1157.62,23.15,4.17,1130.3,False,
SETT-BATCH0272-ORD01630,ORD01630,2025-01-05,726.03,14.52,2.61,708.9,False,
SETT-BATCH0272-ORD01631,ORD01631,2025-01-05,1130.36,22.61,4.07,1103.68,False,
SETT-BATCH0272-ORD01632,ORD01632,2025-01-05,36592.11,731.84,131.73,35728.54,False,
SETT-BATCH0273-ORD01633,ORD01633,2025-01-18,1765.32,35.31,6.36,1723.65,False,
SETT-BATCH0273-ORD01634,ORD01634,2025-01-18,1663.48,33.27,5.99,1624.22,False,
SETT-BATCH0273-ORD01635,ORD01635,2025-01-18,3452.83,69.06,12.43,3371.34,False,
SETT-BATCH0273-ORD01636,ORD01636,2025-01-18,22423.78,717.57,129.16,21577.05,False,
SETT-BATCH0273-ORD01637,ORD01637,2025-01-18,42867.06,857.34,154.32,41855.4,False,
SETT-BATCH0273-ORD01638,ORD01638,2025-01-18,16644.41,332.89,59.92,16251.6,False,
SETT-BATCH0274-ORD01639,ORD01639,2025-01-19,1602.98,32.06,5.77,1565.15,False,
SETT-BATCH0274-ORD01640,ORD01640,2025-01-19,9856.93,197.14,35.49,9624.3,False,
SETT-BATCH0274-ORD01641,ORD01641,2025-01-19,1941.82,38.84,6.99,1895.99,False,
SETT-BATCH0274-ORD01642,ORD01642,2025-01-19,1592.36,31.85,5.73,1554.78,False,
SETT-BATCH0274-ORD01643,ORD01643,2025-01-19,4026.5,80.53,14.5,3931.47,False,
SETT-BATCH0274-ORD01644,ORD01644,2025-01-19,1040.64,20.81,3.75,1016.08,False,
SETT-BATCH0275-ORD01645,ORD01645,2025-01-10,13266.82,265.34,47.76,12953.72,False,
SETT-BATCH0275-ORD01646,ORD01646,2025-01-10,1151.24,23.02,4.14,1124.08,False,
SETT-BATCH0275-ORD01647,ORD01647,2025-01-10,914.15,18.28,3.29,892.58,False,
SETT-BATCH0275-ORD01648,ORD01648,2025-01-10,864.63,17.29,3.11,844.23,False,
SETT-BATCH0275-ORD01649,ORD01649,2025-01-10,7526.01,150.52,27.09,7348.4,False,
SETT-BATCH0275-ORD01650,ORD01650,2025-01-10,4971.19,99.42,17.9,4853.87,False,
SETT-BATCH0276-ORD01651,ORD01651,2025-02-16,1249.88,40.0,7.2,1202.68,False,
SETT-BATCH0276-ORD01652,ORD01652,2025-02-16,9446.79,188.94,34.01,9223.84,False,
SETT-BATCH0276-ORD01653,ORD01653,2025-02-16,1033.28,20.67,3.72,1008.89,False,
SETT-BATCH0276-ORD01654,ORD01654,2025-02-16,8331.73,166.63,29.99,8135.11,False,
SETT-BATCH0276-ORD01655,ORD01655,2025-02-16,4533.92,90.68,16.32,4426.92,False,
SETT-BATCH0276-ORD01656,ORD01656,2025-02-16,21350.46,427.01,76.86,20846.59,False,
SETT-BATCH0277-ORD01657,ORD01657,2025-01-23,2170.82,43.42,7.82,2119.58,False,
SETT-BATCH0277-ORD01658,ORD01658,2025-01-23,702.1,14.04,2.53,685.53,False,
SETT-BATCH0277-ORD01659,ORD01659,2025-01-23,5500.0,110.0,19.8,5370.2,False,
SETT-BATCH0277-ORD01660,ORD01660,2025-01-23,5920.74,118.41,21.31,5781.02,False,
SETT-BATCH0277-ORD01661,ORD01661,2025-01-23,1021.5,20.43,3.68,997.39,False,
SETT-BATCH0277-ORD01662,ORD01662,2025-01-23,1747.02,34.94,6.29,1705.79,False,
SETT-BATCH0278-ORD01663,ORD01663,2025-01-11,1296.71,25.93,4.67,1266.11,False,
SETT-BATCH0278-ORD01664,ORD01664,2025-01-11,895.02,28.64,5.16,861.22,False,
SETT-BATCH0278-ORD01665,ORD01665,2025-01-11,8207.34,164.15,29.55,8013.64,False,
SETT-BATCH0278-ORD01666,ORD01666,2025-01-11,778.3,15.57,2.8,759.93,False,
SETT-BATCH0278-ORD01667,ORD01667,2025-01-11,4912.6,98.25,17.68,4796.67,False,
SETT-BATCH0278-ORD01668,ORD01668,2025-01-11,1581.51,31.63,5.69,1544.19,False,
SETT-BATCH0279-ORD01669,ORD01669,2025-03-09,45476.24,909.52,163.71,44403.01,True,Risk Review
SETT-BATCH0279-ORD01670,ORD01670,2025-03-09,5980.39,119.61,21.53,5839.25,True,Risk Review
SETT-BATCH0279-ORD01671,ORD01671,2025-03-09,924.69,18.49,3.33,902.87,True,Risk Review
SETT-BATCH0279-ORD01672,ORD01672,2025-03-09,2883.71,57.67,10.38,2815.66,True,Risk Review
SETT-BATCH0279-ORD01673,ORD01673,2025-03-09,2350.22,47.0,8.46,2294.76,True,Risk Review
SETT-BATCH0279-ORD01674,ORD01674,2025-03-09,546.91,10.94,1.97,534.0,True,Risk Review
SETT-BATCH0280-ORD01675,ORD01675,2025-02-07,2790.03,55.8,10.04,2724.19,False,
SETT-BATCH0280-ORD01676,ORD01676,2025-02-07,5108.79,102.18,18.39,4988.22,False,
SETT-BATCH0280-ORD01677,ORD01677,2025-02-07,7610.51,152.21,27.4,7430.9,False,
SETT-BATCH0280-ORD01678,ORD01678,2025-02-07,831.08,16.62,2.99,811.47,False,
SETT-BATCH0280-ORD01679,ORD01679,2025-02-07,1881.55,37.63,6.77,1837.15,False,
SETT-BATCH0280-ORD01680,ORD01680,2025-02-07,9118.14,182.36,32.82,8902.96,False,
SETT-BATCH0281-ORD01681,ORD01681,2025-01-21,7111.33,142.23,25.6,6943.5,False,
SETT-BATCH0281-ORD01682,ORD01682,2025-01-21,9505.95,190.12,34.22,9281.61,False,
SETT-BATCH0281-ORD01683,ORD01683,2025-01-21,21913.74,438.27,78.89,21396.58,False,
SETT-BATCH0281-ORD01684,ORD01684,2025-01-21,13987.23,279.74,50.35,13657.14,False,
SETT-BATCH0281-ORD01685,ORD01685,2025-01-21,8675.65,173.51,31.23,8470.91,False,
SETT-BATCH0281-ORD01686,ORD01686,2025-01-21,24408.8,488.18,87.87,23832.75,False,
SETT-BATCH0282-ORD01687,ORD01687,2025-02-20,846.53,16.93,3.05,826.55,False,
SETT-BATCH0282-ORD01688,ORD01688,2025-02-20,1289.29,25.79,4.64,1258.86,False,
SETT-BATCH0282-ORD01689,ORD01689,2025-02-20,9580.03,191.6,34.49,9353.94,False,
SETT-BATCH0282-ORD01690,ORD01690,2025-02-20,5321.48,106.43,19.16,5195.89,False,
SETT-BATCH0282-ORD01691,ORD01691,2025-02-20,18648.45,596.75,107.41,17944.29,False,
SETT-BATCH0282-ORD01692,ORD01692,2025-02-20,7321.94,146.44,26.36,7149.14,False,
SETT-BATCH0283-ORD01693,ORD01693,2025-02-24,770.59,15.41,2.77,752.41,False,
SETT-BATCH0283-ORD01694,ORD01694,2025-02-24,7260.26,145.21,26.14,7088.91,False,
SETT-BATCH0283-ORD01695,ORD01695,2025-02-24,36075.3,721.51,129.87,35223.92,False,
SETT-BATCH0283-ORD01696,ORD01696,2025-02-24,18251.22,365.02,65.7,17820.5,False,
SETT-BATCH0283-ORD01697,ORD01697,2025-02-24,16185.15,323.7,58.27,15803.18,False,
SETT-BATCH0283-ORD01698,ORD01698,2025-02-24,7806.94,156.14,28.11,7622.69,False,
SETT-BATCH0284-ORD01699,ORD01699,2025-05-13,1318.44,26.37,4.75,1287.32,True,Risk Review
SETT-BATCH0284-ORD01700,ORD01700,2025-05-13,23892.2,477.84,86.01,23328.35,True,Risk Review
SETT-BATCH0284-ORD01701,ORD01701,2025-05-13,1178.61,23.57,4.24,1150.8,True,Risk Review
SETT-BATCH0284-ORD01702,ORD01702,2025-05-13,551.99,11.04,1.99,538.96,True,Risk Review
SETT-BATCH0284-ORD01703,ORD01703,2025-05-13,6140.87,122.82,22.11,5995.94,True,Risk Review
SETT-BATCH0284-ORD01704,ORD01704,2025-05-13,1976.59,39.53,7.12,1929.94,True,Risk Review
SETT-BATCH0285-ORD01705,ORD01705,2025-03-22,10325.52,206.51,37.17,10081.84,True,Risk Review
SETT-BATCH0285-ORD01706,ORD01706,2025-03-22,23786.68,475.73,85.63,23225.32,True,Risk Review
SETT-BATCH0285-ORD01707,ORD01707,2025-03-22,9407.38,188.15,33.87,9185.36,True,Risk Review
SETT-BATCH0285-ORD01708,ORD01708,2025-03-22,1190.55,23.81,4.29,1162.45,True,Risk Review
SETT-BATCH0285-ORD01709,ORD01709,2025-03-22,1050.62,21.01,3.78,1025.83,True,Risk Review
SETT-BATCH0285-ORD01710,ORD01710,2025-03-22,884.37,17.69,3.18,863.5,True,Risk Review
SETT-BATCH0286-ORD01711,ORD01711,2025-02-20,1099.7,21.99,3.96,1073.75,False,
SETT-BATCH0286-ORD01712,ORD01712,2025-02-20,7788.64,155.77,28.04,7604.83,False,
SETT-BATCH0286-ORD01713,ORD01713,2025-02-20,1738.56,34.77,6.26,1697.53,False,
SETT-BATCH0286-ORD01714,ORD01714,2025-02-20,8556.12,171.12,30.8,8354.2,False,
SETT-BATCH0286-ORD01715,ORD01715,2025-02-20,4403.15,88.06,15.85,4299.24,False,
SETT-BATCH0286-ORD01716,ORD01716,2025-02-20,1670.18,33.4,6.01,1630.77,False,
SETT-BATCH0287-ORD01717,ORD01717,2025-01-07,1725.71,34.51,6.21,1684.99,False,
SETT-BATCH0287-ORD01718,ORD01718,2025-01-07,11808.11,236.16,42.51,11529.44,False,
SETT-BATCH0287-ORD01719,ORD01719,2025-01-07,8795.83,175.92,31.67,8588.24,False,
SETT-BATCH0287-ORD01720,ORD01720,2025-01-07,7057.55,141.15,25.41,6890.99,False,
SETT-BATCH0287-ORD01721,ORD01721,2025-01-07,561.77,11.24,2.02,548.51,False,
SETT-BATCH0287-ORD01722,ORD01722,2025-01-07,4614.65,92.29,16.61,4505.75,False,
SETT-BATCH0288-ORD01723,ORD01723,2025-01-28,575.78,11.52,2.07,562.19,True,Risk Review
SETT-BATCH0288-ORD01724,ORD01724,2025-01-28,43821.01,876.42,157.76,42786.83,True,Risk Review
SETT-BATCH0288-ORD01725,ORD01725,2025-01-28,3776.69,75.53,13.6,3687.56,True,Risk Review
SETT-BATCH0288-ORD01726,ORD01726,2025-01-28,12220.19,244.4,43.99,11931.8,True,Risk Review
SETT-BATCH0288-ORD01727,ORD01727,2025-01-28,1357.16,27.14,4.89,1325.13,True,Risk Review
SETT-BATCH0288-ORD01728,ORD01728,2025-01-28,4100.46,82.01,14.76,4003.69,True,Risk Review
SETT-BATCH0289-ORD01729,ORD01729,2025-03-08,8190.6,163.81,29.49,7997.3,True,Risk Review
SETT-BATCH0289-ORD01730,ORD01730,2025-03-08,17213.84,344.28,61.97,16807.59,True,Risk Review
SETT-BATCH0289-ORD01731,ORD01731,2025-03-08,7217.99,144.36,25.98,7047.65,True,Risk Review
SETT-BATCH0289-ORD01732,ORD01732,2025-03-08,9976.63,199.53,35.92,9741.18,True,Risk Review
SETT-BATCH0289-ORD01733,ORD01733,2025-03-08,607.47,12.15,2.19,593.13,True,Risk Review
SETT-BATCH0289-ORD01734,ORD01734,2025-03-08,1886.21,37.72,6.79,1841.7,True,Risk Review
SETT-BATCH0290-ORD01735,ORD01735,2025-02-15,1120.37,22.41,4.03,1093.93,False,
SETT-BATCH0290-ORD01736,ORD01736,2025-02-15,981.11,19.62,3.53,957.96,False,
SETT-BATCH0290-ORD01737,ORD01737,2025-02-15,8157.45,163.15,29.37,7964.93,False,
SETT-BATCH0290-ORD01738,ORD01738,2025-02-15,40405.52,808.11,145.46,39451.95,False,
SETT-BATCH0290-ORD01739,ORD01739,2025-02-15,5523.71,110.47,19.88,5393.36,False,
SETT-BATCH0290-ORD01740,ORD01740,2025-02-15,1060.73,21.21,3.82,1035.7,False,
SETT-BATCH0291-ORD01741,ORD01741,2025-02-14,581.81,11.64,2.1,568.07,False,
SETT-BATCH0291-ORD01742,ORD01742,2025-02-14,23031.29,460.63,82.91,22487.75,False,
SETT-BATCH0291-ORD01743,ORD01743,2025-02-14,1540.69,30.81,5.55,1504.33,False,
SETT-BATCH0291-ORD01744,ORD01744,2025-02-14,1206.79,24.14,4.35,1178.3,False,
SETT-BATCH0291-ORD01745,ORD01745,2025-02-14,1307.01,26.14,4.71,1276.16,False,
SETT-BATCH0291-ORD01746,ORD01746,2025-02-14,8002.84,160.06,28.81,7813.97,False,
SETT-BATCH0292-ORD01747,ORD01747,2025-01-24,7839.39,250.86,45.15,7543.38,False,
SETT-BATCH0292-ORD01748,ORD01748,2025-01-24,7346.08,146.92,26.45,7172.71,False,
SETT-BATCH0292-ORD01749,ORD01749,2025-01-24,7308.23,146.16,26.31,7135.76,False,
SETT-BATCH0292-ORD01750,ORD01750,2025-01-24,590.17,11.8,2.12,576.25,False,
SETT-BATCH0292-ORD01751,ORD01751,2025-01-24,19269.47,385.39,69.37,18814.71,False,
SETT-BATCH0292-ORD01752,ORD01752,2025-01-24,9561.41,191.23,34.42,9335.76,False,
SETT-BATCH0293-ORD01753,ORD01753,2025-02-06,906.97,18.14,3.27,885.56,False,
SETT-BATCH0293-ORD01754,ORD01754,2025-02-06,661.84,13.24,2.38,646.22,False,
SETT-BATCH0293-ORD01755,ORD01755,2025-02-06,19741.17,394.82,71.07,19275.28,False,
SETT-BATCH0293-ORD01756,ORD01756,2025-02-06,37713.51,754.27,135.77,36823.47,False,
SETT-BATCH0293-ORD01757,ORD01757,2025-02-06,973.18,19.46,3.5,950.22,False,
SETT-BATCH0293-ORD01758,ORD01758,2025-02-06,3491.34,69.83,12.57,3408.94,False,
SETT-BATCH0294-ORD01759,ORD01759,2025-03-23,39017.19,780.34,140.46,38096.39,False,
SETT-BATCH0294-ORD01760,ORD01760,2025-03-23,871.09,17.42,3.14,850.53,False,
SETT-BATCH0294-ORD01761,ORD01761,2025-03-23,1234.9,24.7,4.45,1205.75,False,
SETT-BATCH0294-ORD01762,ORD01762,2025-03-23,1526.47,30.53,5.5,1490.44,False,
SETT-BATCH0294-ORD01763,ORD01763,2025-03-23,3889.64,77.79,14.0,3797.85,False,
SETT-BATCH0294-ORD01764,ORD01764,2025-03-23,593.01,11.86,2.13,579.02,False,
SETT-BATCH0295-ORD01765,ORD01765,2025-01-17,23356.03,747.39,134.53,22474.11,False,
SETT-BATCH0295-ORD01766,ORD01766,2025-01-17,24236.75,484.74,87.25,23664.76,False,
SETT-BATCH0295-ORD01767,ORD01767,2025-01-17,1845.76,36.92,6.65,1802.19,False,
SETT-BATCH0295-ORD01768,ORD01768,2025-01-17,1594.83,31.9,5.74,1557.19,False,
SETT-BATCH0295-ORD01769,ORD01769,2025-01-17,40311.21,806.22,145.12,39359.87,False,
SETT-BATCH0295-ORD01770,ORD01770,2025-01-17,5338.67,106.77,19.22,5212.68,False,
SETT-BATCH0296-ORD01771,ORD01771,2025-03-13,1955.81,39.12,7.04,1909.65,False,
SETT-BATCH0296-ORD01772,ORD01772,2025-03-13,1313.35,26.27,4.73,1282.35,False,
SETT-BATCH0296-ORD01773,ORD01773,2025-03-13,6648.25,132.97,23.93,6491.35,False,
SETT-BATCH0296-ORD01774,ORD01774,2025-03-13,22938.81,458.78,82.58,22397.45,False,
SETT-BATCH0296-ORD01775,ORD01775,2025-03-13,9189.15,183.78,33.08,8972.29,False,
SETT-BATCH0296-ORD01776,ORD01776,2025-03-13,9272.02,185.44,33.38,9053.2,False,
SETT-BATCH0297-ORD01777,ORD01777,2025-03-03,6518.75,130.38,23.47,6364.9,False,
SETT-BATCH0297-ORD01778,ORD01778,2025-03-03,1336.01,26.72,4.81,1304.48,False,
SETT-BATCH0297-ORD01779,ORD01779,2025-03-03,1759.28,35.19,6.33,1717.76,False,
SETT-BATCH0297-ORD01780,ORD01780,2025-03-03,8123.48,162.47,29.24,7931.77,False,
SETT-BATCH0297-ORD01781,ORD01781,2025-03-03,32583.7,651.67,117.3,31814.73,False,
SETT-BATCH0297-ORD01782,ORD01782,2025-03-03,14106.94,282.14,50.79,13774.01,False,
SETT-BATCH0298-ORD01783,ORD01783,2025-04-08,777.12,15.54,2.8,758.78,False,
SETT-BATCH0298-ORD01784,ORD01784,2025-04-08,6844.84,136.9,24.64,6683.3,False,
SETT-BATCH0298-ORD01785,ORD01785,2025-04-08,848.27,16.97,3.05,828.25,False,
SETT-BATCH0298-ORD01786,ORD01786,2025-04-08,619.21,12.38,2.23,604.6,False,
SETT-BATCH0298-ORD01787,ORD01787,2025-04-08,1769.21,35.38,6.37,1727.46,False,
SETT-BATCH0298-ORD01788,ORD01788,2025-04-08,4991.68,159.73,28.75,4803.2,False,
SETT-BATCH0299-ORD01789,ORD01789,2025-01-08,3100.1,62.0,11.16,3026.94,False,
SETT-BATCH0299-ORD01790,ORD01790,2025-01-08,1112.88,22.26,4.01,1086.61,False,
SETT-BATCH0299-ORD01791,ORD01791,2025-01-08,24252.97,485.06,87.31,23680.6,False,
SETT-BATCH0299-ORD01792,ORD01792,2025-01-08,9905.95,198.12,35.66,9672.17,False,
SETT-BATCH0299-ORD01793,ORD01793,2025-01-08,1890.65,37.81,6.81,1846.03,False,
SETT-BATCH0299-ORD01794,ORD01794,2025-01-08,17349.14,346.98,62.46,16939.7,False,
SETT-BATCH0300-ORD01795,ORD01795,2025-06-17,23313.8,466.28,83.93,22763.59,False,
SETT-BATCH0300-ORD01796,ORD01796,2025-06-17,2334.61,46.69,8.4,2279.52,False,
SETT-BATCH0300-ORD01797,ORD01797,2025-06-17,5153.21,103.06,18.55,5031.6,False,
SETT-BATCH0300-ORD01798,ORD01798,2025-06-17,6201.84,124.04,22.33,6055.47,False,
SETT-BATCH0300-ORD01799,ORD01799,2025-06-17,17809.74,356.19,64.11,17389.44,False,
SETT-BATCH0300-ORD01800,ORD01800,2025-06-17,9022.14,180.44,32.48,8809.22,False,
SETT-BATCH0301-ORD01801,ORD01801,2025-01-22,5164.89,103.3,18.59,5043.0,False,
SETT-BATCH0301-ORD01802,ORD01802,2025-01-22,6129.01,122.58,22.06,5984.37,False,
SETT-BATCH0301-ORD01803,ORD01803,2025-01-22,29746.26,594.93,107.09,29044.24,False,
SETT-BATCH0301-ORD01804,ORD01804,2025-01-22,956.83,19.14,3.45,934.24,False,
SETT-BATCH0301-ORD01805,ORD01805,2025-01-22,5379.7,107.59,19.37,5252.74,False,
SETT-BATCH0301-ORD01806,ORD01806,2025-01-22,20349.29,406.99,73.26,19869.04,False,
SETT-BATCH0302-ORD01807,ORD01807,2025-01-14,7168.81,143.38,25.81,6999.62,False,
SETT-BATCH0302-ORD01808,ORD01808,2025-01-14,2905.37,58.11,10.46,2836.8,False,
SETT-BATCH0302-ORD01809,ORD01809,2025-01-14,20441.71,408.83,73.59,19959.29,False,
SETT-BATCH0302-ORD01810,ORD01810,2025-01-14,985.19,19.7,3.55,961.94,False,
SETT-BATCH0302-ORD01811,ORD01811,2025-01-14,1385.47,27.71,4.99,1352.77,False,
SETT-BATCH0302-ORD01812,ORD01812,2025-01-14,23238.23,464.76,83.66,22689.81,False,
SETT-BATCH0303-ORD01813,ORD01813,2025-02-17,1537.58,30.75,5.54,1501.29,False,
SETT-BATCH0303-ORD01814,ORD01814,2025-02-17,20775.62,415.51,74.79,20285.32,False,
SETT-BATCH0303-ORD01815,ORD01815,2025-02-17,1559.34,31.19,5.61,1522.54,False,
SETT-BATCH0303-ORD01816,ORD01816,2025-02-17,1285.73,25.71,4.63,1255.39,False,
SETT-BATCH0303-ORD01817,ORD01817,2025-02-17,9801.53,196.03,35.29,9570.21,False,
SETT-BATCH0303-ORD01818,ORD01818,2025-02-17,15680.18,313.6,56.45,15310.13,False,
SETT-BATCH0304-ORD01819,ORD01819,2025-03-10,756.33,15.13,2.72,738.48,False,
SETT-BATCH0304-ORD01820,ORD01820,2025-03-10,7276.24,145.52,26.19,7104.53,False,
SETT-BATCH0304-ORD01821,ORD01821,2025-03-10,716.91,14.34,2.58,699.99,False,
SETT-BATCH0304-ORD01822,ORD01822,2025-03-10,962.09,19.24,3.46,939.39,False,
SETT-BATCH0304-ORD01823,ORD01823,2025-03-10,771.04,15.42,2.78,752.84,False,
SETT-BATCH0304-ORD01824,ORD01824,2025-03-10,25088.32,501.77,90.32,24496.23,False,
SETT-BATCH0305-ORD01825,ORD01825,2025-05-11,1246.44,24.93,4.49,1217.02,False,
SETT-BATCH0305-ORD01826,ORD01826,2025-05-11,2046.0,40.92,7.37,1997.71,False,
SETT-BATCH0305-ORD01827,ORD01827,2025-05-11,1383.29,27.67,4.98,1350.64,False,
SETT-BATCH0305-ORD01828,ORD01828,2025-05-11,5535.0,110.7,19.93,5404.37,False,
SETT-BATCH0305-ORD01829,ORD01829,2025-05-11,3957.71,79.15,14.25,3864.31,False,
SETT-BATCH0305-ORD01830,ORD01830,2025-05-11,1442.95,28.86,5.19,1408.9,False,
SETT-BATCH0306-ORD01831,ORD01831,2025-01-18,722.38,14.45,2.6,705.33,False,
SETT-BATCH0306-ORD01832,ORD01832,2025-01-18,718.06,14.36,2.58,701.12,False,
SETT-BATCH0306-ORD01833,ORD01833,2025-01-18,8704.12,174.08,31.33,8498.71,False,
SETT-BATCH0306-ORD01834,ORD01834,2025-01-18,631.55,12.63,2.27,616.65,False,
SETT-BATCH0306-ORD01835,ORD01835,2025-01-18,3425.99,68.52,12.33,3345.14,False,
SETT-BATCH0306-ORD01836,ORD01836,2025-01-18,1491.39,29.83,5.37,1456.19,False,
SETT-BATCH0307-ORD01837,ORD01837,2025-02-03,8298.46,165.97,29.87,8102.62,False,
SETT-BATCH0307-ORD01838,ORD01838,2025-02-03,43733.37,874.67,157.44,42701.26,False,
SETT-BATCH0307-ORD01839,ORD01839,2025-02-03,11396.89,227.94,41.03,11127.92,False,
SETT-BATCH0307-ORD01840,ORD01840,2025-02-03,1846.29,36.93,6.65,1802.71,False,
SETT-BATCH0307-ORD01841,ORD01841,2025-02-03,22649.64,452.99,81.54,22115.11,False,
SETT-BATCH0307-ORD01842,ORD01842,2025-02-03,701.82,14.04,2.53,685.25,False,
SETT-BATCH0308-ORD01843,ORD01843,2025-08-02,14938.13,298.76,53.78,14585.59,False,
SETT-BATCH0308-ORD01844,ORD01844,2025-08-02,7566.64,151.33,27.24,7388.07,False,
SETT-BATCH0308-ORD01845,ORD01845,2025-08-02,1357.05,27.14,4.89,1325.02,False,
SETT-BATCH0308-ORD01846,ORD01846,2025-08-02,2701.36,54.03,9.73,2637.6,False,
SETT-BATCH0308-ORD01847,ORD01847,2025-08-02,8305.48,166.11,29.9,8109.47,False,
SETT-BATCH0308-ORD01848,ORD01848,2025-08-02,1413.27,28.27,5.09,1379.91,False,
SETT-BATCH0309-ORD01849,ORD01849,2025-04-12,1362.71,27.25,4.91,1330.55,False,
SETT-BATCH0309-ORD01850,ORD01850,2025-04-12,694.57,13.89,2.5,678.18,False,
SETT-BATCH0309-ORD01851,ORD01851,2025-04-12,7833.48,156.67,28.2,7648.61,False,
SETT-BATCH0309-ORD01852,ORD01852,2025-04-12,3439.26,68.79,12.38,3358.09,False,
SETT-BATCH0309-ORD01853,ORD01853,2025-04-12,935.73,18.71,3.37,913.65,False,
SETT-BATCH0309-ORD01854,ORD01854,2025-04-12,535.98,10.72,1.93,523.33,False,
SETT-BATCH0310-ORD01855,ORD01855,2025-04-18,21062.03,421.24,75.82,20564.97,False,
SETT-BATCH0310-ORD01856,ORD01856,2025-04-18,24984.81,499.7,89.95,24395.16,False,
SETT-BATCH0310-ORD01857,ORD01857,2025-04-18,1024.48,20.49,3.69,1000.3,False,
SETT-BATCH0310-ORD01858,ORD01858,2025-04-18,1460.93,29.22,5.26,1426.45,False,
SETT-BATCH0310-ORD01859,ORD01859,2025-04-18,1685.29,33.71,6.07,1645.51,False,
SETT-BATCH0310-ORD01860,ORD01860,2025-04-18,1324.99,26.5,4.77,1293.72,False,
SETT-BATCH0311-ORD01861,ORD01861,2025-01-06,999.92,20.0,3.6,976.32,False,
SETT-BATCH0311-ORD01862,ORD01862,2025-01-06,6927.95,138.56,24.94,6764.45,False,
SETT-BATCH0311-ORD01863,ORD01863,2025-01-06,12910.23,258.2,46.48,12605.55,False,
SETT-BATCH0311-ORD01864,ORD01864,2025-01-06,17186.62,343.73,61.87,16781.02,False,
SETT-BATCH0311-ORD01865,ORD01865,2025-01-06,19684.78,393.7,70.87,19220.21,False,
SETT-BATCH0311-ORD01866,ORD01866,2025-01-06,1190.93,23.82,4.29,1162.82,False,
SETT-BATCH0312-ORD01867,ORD01867,2025-06-13,16937.05,338.74,60.97,16537.34,False,
SETT-BATCH0312-ORD01868,ORD01868,2025-06-13,10840.33,216.81,39.03,10584.49,False,
SETT-BATCH0312-ORD01869,ORD01869,2025-06-13,1587.45,31.75,5.71,1549.99,False,
SETT-BATCH0312-ORD01870,ORD01870,2025-06-13,2149.75,42.99,7.74,2099.02,False,
SETT-BATCH0312-ORD01871,ORD01871,2025-06-13,8396.28,167.93,30.23,8198.12,False,
SETT-BATCH0312-ORD01872,ORD01872,2025-06-13,723.96,14.48,2.61,706.87,False,
SETT-BATCH0313-ORD01873,ORD01873,2025-01-17,1062.86,21.26,3.83,1037.77,False,
SETT-BATCH0313-ORD01874,ORD01874,2025-01-17,18564.72,594.06,106.93,17863.73,False,
SETT-BATCH0313-ORD01875,ORD01875,2025-01-17,675.27,13.51,2.43,659.33,False,
SETT-BATCH0313-ORD01876,ORD01876,2025-01-17,4516.0,90.32,16.26,4409.42,False,
SETT-BATCH0313-ORD01877,ORD01877,2025-01-17,630.2,12.6,2.27,615.33,False,
SETT-BATCH0313-ORD01878,ORD01878,2025-01-17,1744.19,34.88,6.28,1703.03,False,
SETT-BATCH0314-ORD01879,ORD01879,2025-01-14,953.48,19.07,3.43,930.98,False,
SETT-BATCH0314-ORD01880,ORD01880,2025-01-14,556.09,11.12,2.0,542.97,False,
SETT-BATCH0314-ORD01881,ORD01881,2025-01-14,16656.61,333.13,59.96,16263.52,False,
SETT-BATCH0314-ORD01882,ORD01882,2025-01-14,23574.34,471.49,84.87,23017.98,False,
SETT-BATCH0314-ORD01883,ORD01883,2025-01-14,1885.46,37.71,6.79,1840.96,False,
SETT-BATCH0314-ORD01884,ORD01884,2025-01-14,991.01,19.82,3.57,967.62,False,
SETT-BATCH0315-ORD01885,ORD01885,2025-01-21,24070.36,481.41,86.65,23502.3,False,
SETT-BATCH0315-ORD01886,ORD01886,2025-01-21,30129.68,602.59,108.47,29418.62,False,
SETT-BATCH0315-ORD01887,ORD01887,2025-01-21,7709.42,154.19,27.75,7527.48,False,
SETT-BATCH0315-ORD01888,ORD01888,2025-01-21,966.47,19.33,3.48,943.66,False,
SETT-BATCH0315-ORD01889,ORD01889,2025-01-21,6754.3,135.09,24.32,6594.89,False,
SETT-BATCH0315-ORD01890,ORD01890,2025-01-21,1833.78,36.68,6.6,1790.5,False,
SETT-BATCH0316-ORD01891,ORD01891,2025-02-24,7271.87,145.44,26.18,7100.25,False,
SETT-BATCH0316-ORD01892,ORD01892,2025-02-24,1637.74,32.75,5.89,1599.1,False,
SETT-BATCH0316-ORD01893,ORD01893,2025-02-24,14813.21,296.26,53.33,14463.62,False,
SETT-BATCH0316-ORD01894,ORD01894,2025-02-24,1298.41,25.97,4.67,1267.77,False,
SETT-BATCH0316-ORD01895,ORD01895,2025-02-24,4181.23,83.62,15.05,4082.56,False,
SETT-BATCH0316-ORD01896,ORD01896,2025-02-24,522.89,10.46,1.88,510.55,False,
SETT-BATCH0317-ORD01897,ORD01897,2025-01-27,2819.0,56.38,10.15,2752.47,False,
SETT-BATCH0317-ORD01898,ORD01898,2025-01-27,977.73,19.55,3.52,954.66,False,
SETT-BATCH0317-ORD01899,ORD01899,2025-01-27,22060.04,441.2,79.42,21539.42,False,
SETT-BATCH0317-ORD01900,ORD01900,2025-01-27,606.86,12.14,2.19,592.53,False,
SETT-BATCH0317-ORD01901,ORD01901,2025-01-27,18108.66,362.17,65.19,17681.3,False,
SETT-BATCH0317-ORD01902,ORD01902,2025-01-27,1206.1,24.12,4.34,1177.64,False,
SETT-BATCH0318-ORD01903,ORD01903,2025-02-14,1075.4,21.51,3.87,1050.02,False,
SETT-BATCH0318-ORD01904,ORD01904,2025-02-14,3431.86,68.64,12.36,3350.86,False,
SETT-BATCH0318-ORD01905,ORD01905,2025-02-14,19442.06,388.84,69.99,18983.23,False,
SETT-BATCH0318-ORD01906,ORD01906,2025-02-14,6930.52,138.61,24.95,6766.96,False,
SETT-BATCH0318-ORD01907,ORD01907,2025-02-14,797.22,15.94,2.87,778.41,False,
SETT-BATCH0318-ORD01908,ORD01908,2025-02-14,11178.18,223.56,40.24,10914.38,False,
SETT-BATCH0319-ORD01909,ORD01909,2025-04-05,2743.33,54.87,9.88,2678.58,False,
SETT-BATCH0319-ORD01910,ORD01910,2025-04-05,5644.67,112.89,20.32,5511.46,False,
SETT-BATCH0319-ORD01911,ORD01911,2025-04-05,8131.95,162.64,29.28,7940.03,False,
SETT-BATCH0319-ORD01912,ORD01912,2025-04-05,835.69,16.71,3.01,815.97,False,
SETT-BATCH0319-ORD01913,ORD01913,2025-04-05,1045.17,20.9,3.76,1020.51,False,
SETT-BATCH0319-ORD01914,ORD01914,2025-04-05,7321.44,146.43,26.36,7148.65,False,
SETT-BATCH0320-ORD01915,ORD01915,2025-02-25,2242.11,44.84,8.07,2189.2,True,Risk Review
SETT-BATCH0320-ORD01916,ORD01916,2025-02-25,1217.98,24.36,4.38,1189.24,True,Risk Review
SETT-BATCH0320-ORD01917,ORD01917,2025-02-25,1022.92,20.46,3.68,998.78,True,Risk Review
SETT-BATCH0320-ORD01918,ORD01918,2025-02-25,654.4,13.09,2.36,638.95,True,Risk Review
SETT-BATCH0320-ORD01919,ORD01919,2025-02-25,1474.18,29.48,5.31,1439.39,True,Risk Review
SETT-BATCH0320-ORD01920,ORD01920,2025-02-25,5206.53,104.13,18.74,5083.66,True,Risk Review
SETT-BATCH0321-ORD01921,ORD01921,2025-03-24,865.54,17.31,3.12,845.11,False,
SETT-BATCH0321-ORD01922,ORD01922,2025-03-24,34595.41,1107.06,199.27,33289.08,False,
SETT-BATCH0321-ORD01923,ORD01923,2025-03-24,1541.09,30.82,5.55,1504.72,False,
SETT-BATCH0321-ORD01924,ORD01924,2025-03-24,16530.31,330.61,59.51,16140.19,False,
SETT-BATCH0321-ORD01925,ORD01925,2025-03-24,3889.23,77.78,14.0,3797.45,False,
SETT-BATCH0321-ORD01926,ORD01926,2025-03-24,7914.94,158.3,28.49,7728.15,False,
SETT-BATCH0322-ORD01927,ORD01927,2025-02-20,5893.04,117.86,21.21,5753.97,False,
SETT-BATCH0322-ORD01928,ORD01928,2025-02-20,4603.02,92.06,16.57,4494.39,False,
SETT-BATCH0322-ORD01929,ORD01929,2025-02-20,12642.61,252.85,45.51,12344.25,False,
SETT-BATCH0322-ORD01930,ORD01930,2025-02-20,663.12,13.26,2.39,647.47,False,
SETT-BATCH0322-ORD01931,ORD01931,2025-02-20,15683.67,313.67,56.46,15313.54,False,
SETT-BATCH0322-ORD01932,ORD01932,2025-02-20,2491.86,49.84,8.97,2433.05,False,
SETT-BATCH0323-ORD01933,ORD01933,2025-04-16,23308.92,466.18,83.91,22758.83,False,
SETT-BATCH0323-ORD01934,ORD01934,2025-04-16,21356.17,427.12,76.88,20852.17,False,
SETT-BATCH0323-ORD01935,ORD01935,2025-04-16,1296.88,25.94,4.67,1266.27,False,
SETT-BATCH0323-ORD01936,ORD01936,2025-04-16,5577.28,111.55,20.08,5445.65,False,
SETT-BATCH0323-ORD01937,ORD01937,2025-04-16,4532.78,90.66,16.32,4425.8,False,
SETT-BATCH0323-ORD01938,ORD01938,2025-04-16,20193.38,403.87,72.7,19716.81,False,
SETT-BATCH0324-ORD01939,ORD01939,2025-01-29,9320.94,186.42,33.56,9100.96,False,
SETT-BATCH0324-ORD01940,ORD01940,2025-01-29,6891.93,137.84,24.81,6729.28,False,
SETT-BATCH0324-ORD01941,ORD01941,2025-01-29,3020.45,60.41,10.87,2949.17,False,
SETT-BATCH0324-ORD01942,ORD01942,2025-01-29,1851.61,37.03,6.67,1807.91,False,
SETT-BATCH0324-ORD01943,ORD01943,2025-01-29,1340.05,26.8,4.82,1308.43,False,
SETT-BATCH0324-ORD01944,ORD01944,2025-01-29,923.31,29.55,5.32,888.44,False,
SETT-BATCH0325-ORD01945,ORD01945,2025-01-18,1553.33,31.07,5.59,1516.67,False,
SETT-BATCH0325-ORD01946,ORD01946,2025-01-18,7694.19,153.88,27.7,7512.61,False,
SETT-BATCH0325-ORD01947,ORD01947,2025-01-18,1317.68,26.35,4.74,1286.59,False,
SETT-BATCH0325-ORD01948,ORD01948,2025-01-18,708.6,14.17,2.55,691.88,False,
SETT-BATCH0325-ORD01949,ORD01949,2025-01-18,1886.72,37.73,6.79,1842.2,False,
SETT-BATCH0325-ORD01950,ORD01950,2025-01-18,1996.18,39.92,7.19,1949.07,False,
SETT-BATCH0326-ORD01951,ORD01951,2025-03-12,517.4,10.35,1.86,505.19,False,
SETT-BATCH0326-ORD01952,ORD01952,2025-03-12,1582.01,31.64,5.7,1544.67,False,
SETT-BATCH0326-ORD01953,ORD01953,2025-03-12,9799.8,196.0,35.28,9568.52,False,
SETT-BATCH0326-ORD01954,ORD01954,2025-03-12,1463.36,29.27,5.27,1428.82,False,
SETT-BATCH0326-ORD01955,ORD01955,2025-03-12,23403.74,468.07,84.25,22851.42,False,
SETT-BATCH0326-ORD01956,ORD01956,2025-03-12,5405.63,108.11,19.46,5278.06,False,
SETT-BATCH0327-ORD01957,ORD01957,2025-01-21,5393.0,107.86,19.41,5265.73,False,
SETT-BATCH0327-ORD01958,ORD01958,2025-01-21,838.61,16.77,3.02,818.82,False,
SETT-BATCH0327-ORD01959,ORD01959,2025-01-21,6623.51,132.47,23.84,6467.2,False,
SETT-BATCH0327-ORD01960,ORD01960,2025-01-21,4154.0,83.08,14.95,4055.97,False,
SETT-BATCH0327-ORD01961,ORD01961,2025-01-21,2267.7,45.35,8.16,2214.19,False,
SETT-BATCH0327-ORD01962,ORD01962,2025-01-21,7639.06,152.78,27.5,7458.78,False,
SETT-BATCH0328-ORD01963,ORD01963,2025-02-10,9693.9,193.88,34.9,9465.12,False,
SETT-BATCH0328-ORD01964,ORD01964,2025-02-10,1596.94,31.94,5.75,1559.25,False,
SETT-BATCH0328-ORD01965,ORD01965,2025-02-10,2625.88,52.52,9.45,2563.91,False,
SETT-BATCH0328-ORD01966,ORD01966,2025-02-10,1208.68,24.17,4.35,1180.16,False,
SETT-BATCH0328-ORD01967,ORD01967,2025-02-10,26952.05,539.04,97.03,26315.98,False,
SETT-BATCH0328-ORD01968,ORD01968,2025-02-10,6637.03,132.74,23.89,6480.4,False,
SETT-BATCH0329-ORD01969,ORD01969,2025-01-08,1015.32,20.31,3.66,991.35,False,
SETT-BATCH0329-ORD01970,ORD01970,2025-01-08,6101.3,122.03,21.97,5957.3,False,
SETT-BATCH0329-ORD01971,ORD01971,2025-01-08,4652.11,93.04,16.75,4542.32,False,
SETT-BATCH0329-ORD01972,ORD01972,2025-01-08,44955.58,899.11,161.84,43894.63,False,
SETT-BATCH0329-ORD01973,ORD01973,2025-01-08,1542.58,30.85,5.55,1506.18,False,
SETT-BATCH0329-ORD01974,ORD01974,2025-01-08,7815.77,156.32,28.14,7631.31,False,
SETT-BATCH0330-ORD01975,ORD01975,2025-02-10,1443.95,28.88,5.2,1409.87,False,
SETT-BATCH0330-ORD01976,ORD01976,2025-02-10,577.43,11.55,2.08,563.8,False,
SETT-BATCH0330-ORD01977,ORD01977,2025-02-10,19364.76,387.3,69.71,18907.75,False,
SETT-BATCH0330-ORD01978,ORD01978,2025-02-10,3014.57,60.29,10.85,2943.43,False,
SETT-BATCH0330-ORD01979,ORD01979,2025-02-10,14167.73,283.35,51.0,13833.38,False,
SETT-BATCH0330-ORD01980,ORD01980,2025-02-10,4201.74,84.03,15.13,4102.58,False,
SETT-BATCH0331-ORD01981,ORD01981,2025-04-01,667.32,13.35,2.4,651.57,False,
SETT-BATCH0331-ORD01982,ORD01982,2025-04-01,21084.51,421.69,75.9,20586.92,False,
SETT-BATCH0331-ORD01983,ORD01983,2025-04-01,8462.73,169.25,30.46,8263.02,False,
SETT-BATCH0331-ORD01984,ORD01984,2025-04-01,13542.94,433.38,78.01,13031.55,False,
SETT-BATCH0331-ORD01985,ORD01985,2025-04-01,22930.22,458.6,82.55,22389.07,False,
SETT-BATCH0331-ORD01986,ORD01986,2025-04-01,49183.64,983.67,177.06,48022.91,False,
SETT-BATCH0332-ORD01987,ORD01987,2025-03-03,12312.25,246.25,44.32,12021.68,False,
SETT-BATCH0332-ORD01988,ORD01988,2025-03-03,16194.22,323.88,58.3,15812.04,False,
SETT-BATCH0332-ORD01989,ORD01989,2025-03-03,1160.28,23.21,4.18,1132.89,False,
SETT-BATCH0332-ORD01990,ORD01990,2025-03-03,1366.64,27.33,4.92,1334.39,False,
SETT-BATCH0332-ORD01991,ORD01991,2025-03-03,896.59,17.93,3.23,875.43,False,
SETT-BATCH0332-ORD01992,ORD01992,2025-03-03,1196.02,23.92,4.31,1167.79,False,
SETT-BATCH0333-ORD01993,ORD01993,2025-07-20,1619.23,32.38,5.83,1581.02,False,
SETT-BATCH0333-ORD01994,ORD01994,2025-07-20,1525.26,30.51,5.49,1489.26,False,
SETT-BATCH0333-ORD01995,ORD01995,2025-07-20,3161.2,63.22,11.38,3086.6,False,
SETT-BATCH0333-ORD01996,ORD01996,2025-07-20,1890.83,37.82,6.81,1846.2,False,
SETT-BATCH0333-ORD01997,ORD01997,2025-07-20,973.53,19.47,3.5,950.56,False,
SETT-BATCH0333-ORD01998,ORD01998,2025-07-20,2328.14,46.56,8.38,2273.2,False,
SETT-BATCH0334-ORD01999,ORD01999,2025-02-20,9649.47,192.99,34.74,9421.74,False,
SETT-BATCH0334-ORD02000,ORD02000,2025-02-20,7216.53,144.33,25.98,7046.22,False,
SETT-BATCH0334-ORD02001,ORD02001,2025-02-20,900.63,18.01,3.24,879.38,False,
SETT-BATCH0334-ORD02002,ORD02002,2025-02-20,1376.27,27.53,4.96,1343.78,False,
SETT-BATCH0334-ORD02003,ORD02003,2025-02-20,21236.36,424.73,76.45,20735.18,False,
SETT-BATCH0334-ORD02004,ORD02004,2025-02-20,3559.41,71.19,12.81,3475.41,False,
SETT-BATCH0335-ORD02005,ORD02005,2025-02-04,9945.72,198.91,35.8,9711.01,False,
SETT-BATCH0335-ORD02006,ORD02006,2025-02-04,7382.41,147.65,26.58,7208.18,False,
SETT-BATCH0335-ORD02007,ORD02007,2025-02-04,646.55,12.93,2.33,631.29,False,
SETT-BATCH0335-ORD02008,ORD02008,2025-02-04,4812.13,96.24,17.32,4698.57,False,
SETT-BATCH0335-ORD02009,ORD02009,2025-02-04,551.06,11.02,1.98,538.06,False,
SETT-BATCH0335-ORD02010,ORD02010,2025-02-04,1907.76,38.16,6.87,1862.73,False,
SETT-BATCH0336-ORD02011,ORD02011,2025-02-27,13252.37,265.05,47.71,12939.61,False,
SETT-BATCH0336-ORD02012,ORD02012,2025-02-27,7664.6,153.29,27.59,7483.72,False,
SETT-BATCH0336-ORD02013,ORD02013,2025-02-27,1407.03,28.14,5.07,1373.82,False,
SETT-BATCH0336-ORD02014,ORD02014,2025-02-27,9199.18,183.98,33.12,8982.08,False,
SETT-BATCH0336-ORD02015,ORD02015,2025-02-27,12771.53,255.43,45.98,12470.12,False,
SETT-BATCH0336-ORD02016,ORD02016,2025-02-27,4026.69,80.53,14.5,3931.66,False,
SETT-BATCH0337-ORD02017,ORD02017,2025-05-23,2605.71,52.11,9.38,2544.22,False,
SETT-BATCH0337-ORD02018,ORD02018,2025-05-23,14145.75,282.92,50.93,13811.9,False,
SETT-BATCH0337-ORD02019,ORD02019,2025-05-23,7340.63,146.81,26.43,7167.39,False,
SETT-BATCH0337-ORD02020,ORD02020,2025-05-23,1671.1,33.42,6.02,1631.66,False,
SETT-BATCH0337-ORD02021,ORD02021,2025-05-23,15741.99,314.84,56.67,15370.48,False,
SETT-BATCH0337-ORD02022,ORD02022,2025-05-23,31455.97,629.12,113.24,30713.61,False,
SETT-BATCH0338-ORD02023,ORD02023,2025-02-09,604.1,12.08,2.17,589.85,False,
SETT-BATCH0338-ORD02024,ORD02024,2025-02-09,3427.54,68.55,12.34,3346.65,False,
SETT-BATCH0338-ORD02025,ORD02025,2025-02-09,1310.95,26.22,4.72,1280.01,False,
SETT-BATCH0338-ORD02026,ORD02026,2025-02-09,1465.01,29.3,5.27,1430.44,False,
SETT-BATCH0338-ORD02027,ORD02027,2025-02-09,2826.3,56.53,10.18,2759.59,False,
SETT-BATCH0338-ORD02028,ORD02028,2025-02-09,1591.32,31.83,5.73,1553.76,False,
SETT-BATCH0339-ORD02029,ORD02029,2025-06-19,1246.55,24.93,4.49,1217.13,False,
SETT-BATCH0339-ORD02030,ORD02030,2025-06-19,9463.15,189.26,34.07,9239.82,False,
SETT-BATCH0339-ORD02031,ORD02031,2025-06-19,727.41,14.55,2.62,710.24,False,
SETT-BATCH0339-ORD02032,ORD02032,2025-06-19,18619.6,372.39,67.03,18180.18,False,
SETT-BATCH0339-ORD02033,ORD02033,2025-06-19,8167.93,163.36,29.4,7975.17,False,
SETT-BATCH0339-ORD02034,ORD02034,2025-06-19,8752.39,175.05,31.51,8545.83,False,
SETT-BATCH0340-ORD02035,ORD02035,2025-02-06,2026.46,40.53,7.3,1978.63,False,
SETT-BATCH0340-ORD02036,ORD02036,2025-02-06,17231.0,344.62,62.03,16824.35,False,
SETT-BATCH0340-ORD02037,ORD02037,2025-02-06,9932.81,198.66,35.76,9698.39,False,
SETT-BATCH0340-ORD02038,ORD02038,2025-02-06,5204.92,104.1,18.74,5082.08,False,
SETT-BATCH0340-ORD02039,ORD02039,2025-02-06,41176.86,823.54,148.24,40205.08,False,
SETT-BATCH0340-ORD02040,ORD02040,2025-02-06,9687.4,193.75,34.88,9458.77,False,
SETT-BATCH0341-ORD02041,ORD02041,2025-01-23,21406.8,428.14,77.07,20901.59,False,
SETT-BATCH0341-ORD02042,ORD02042,2025-01-23,3412.95,68.26,12.29,3332.4,False,
SETT-BATCH0341-ORD02043,ORD02043,2025-01-23,41518.35,830.37,149.47,40538.51,False,
SETT-BATCH0341-ORD02044,ORD02044,2025-01-23,9171.69,183.43,33.02,8955.24,False,
SETT-BATCH0341-ORD02045,ORD02045,2025-01-23,5892.03,117.84,21.21,5752.98,False,
SETT-BATCH0341-ORD02046,ORD02046,2025-01-23,3515.72,70.31,12.66,3432.75,False,
SETT-BATCH0342-ORD02047,ORD02047,2025-01-20,1579.61,31.59,5.69,1542.33,False,
SETT-BATCH0342-ORD02048,ORD02048,2025-01-20,1083.15,21.66,3.9,1057.59,False,
SETT-BATCH0342-ORD02049,ORD02049,2025-01-20,5997.47,119.95,21.59,5855.93,False,
SETT-BATCH0342-ORD02050,ORD02050,2025-01-20,25410.46,508.21,91.48,24810.77,False,
SETT-BATCH0342-ORD02051,ORD02051,2025-01-20,1681.67,33.63,6.05,1641.99,False,
SETT-BATCH0342-ORD02052,ORD02052,2025-01-20,3693.43,73.87,13.3,3606.26,False,
SETT-BATCH0343-ORD02053,ORD02053,2025-03-10,5666.96,113.34,20.4,5533.22,False,
SETT-BATCH0343-ORD02054,ORD02054,2025-03-10,18048.42,360.97,64.97,17622.48,False,
SETT-BATCH0343-ORD02055,ORD02055,2025-03-10,608.05,12.16,2.19,593.7,False,
SETT-BATCH0343-ORD02056,ORD02056,2025-03-10,2152.5,43.05,7.75,2101.7,False,
SETT-BATCH0343-ORD02057,ORD02057,2025-03-10,1551.95,31.04,5.59,1515.32,False,
SETT-BATCH0343-ORD02058,ORD02058,2025-03-10,1448.99,28.98,5.22,1414.79,False,
SETT-BATCH0344-ORD02059,ORD02059,2025-02-25,11459.38,229.19,41.25,11188.94,False,
SETT-BATCH0344-ORD02060,ORD02060,2025-02-25,1386.56,27.73,4.99,1353.84,False,
SETT-BATCH0344-ORD02061,ORD02061,2025-02-25,1392.47,27.85,5.01,1359.61,False,
SETT-BATCH0344-ORD02062,ORD02062,2025-02-25,1706.68,34.13,6.14,1666.41,False,
SETT-BATCH0344-ORD02063,ORD02063,2025-02-25,1753.84,35.08,6.31,1712.45,False,
SETT-BATCH0344-ORD02064,ORD02064,2025-02-25,2966.42,59.33,10.68,2896.41,False,
SETT-BATCH0345-ORD02065,ORD02065,2025-01-22,3098.64,61.97,11.15,3025.52,True,Risk Review
SETT-BATCH0345-ORD02066,ORD02066,2025-01-22,18896.28,377.93,68.03,18450.32,True,Risk Review
SETT-BATCH0345-ORD02067,ORD02067,2025-01-22,910.84,18.22,3.28,889.34,True,Risk Review
SETT-BATCH0345-ORD02068,ORD02068,2025-01-22,1054.89,21.1,3.8,1029.99,True,Risk Review
SETT-BATCH0345-ORD02069,ORD02069,2025-01-22,9405.4,188.11,33.86,9183.43,True,Risk Review
SETT-BATCH0345-ORD02070,ORD02070,2025-01-22,1686.58,33.73,6.07,1646.78,True,Risk Review
SETT-BATCH0346-ORD02071,ORD02071,2025-01-05,8221.29,164.43,29.6,8027.26,False,
SETT-BATCH0346-ORD02072,ORD02072,2025-01-05,11210.84,224.22,40.36,10946.26,False,
SETT-BATCH0346-ORD02073,ORD02073,2025-01-05,633.71,12.67,2.28,618.76,False,
SETT-BATCH0346-ORD02074,ORD02074,2025-01-05,4269.85,85.4,15.37,4169.08,False,
SETT-BATCH0346-ORD02075,ORD02075,2025-01-05,21588.44,431.77,77.72,21078.95,False,
SETT-BATCH0346-ORD02076,ORD02076,2025-01-05,714.63,14.29,2.57,697.77,False,
SETT-BATCH0347-ORD02077,ORD02077,2025-02-15,5296.25,105.92,19.07,5171.26,False,
SETT-BATCH0347-ORD02078,ORD02078,2025-02-15,2300.97,46.02,8.28,2246.67,False,
SETT-BATCH0347-ORD02079,ORD02079,2025-02-15,6896.4,137.93,24.83,6733.64,False,
SETT-BATCH0347-ORD02080,ORD02080,2025-02-15,8260.66,165.21,29.74,8065.71,False,
SETT-BATCH0347-ORD02081,ORD02081,2025-02-15,6461.68,129.23,23.26,6309.19,False,
SETT-BATCH0347-ORD02082,ORD02082,2025-02-15,1295.3,25.91,4.66,1264.73,False,
SETT-BATCH0348-ORD02083,ORD02083,2025-01-25,8901.85,178.04,32.05,8691.76,False,
SETT-BATCH0348-ORD02084,ORD02084,2025-01-25,5713.73,114.27,20.57,5578.89,False,
SETT-BATCH0348-ORD02085,ORD02085,2025-01-25,4211.41,84.23,15.16,4112.02,False,
SETT-BATCH0348-ORD02086,ORD02086,2025-01-25,723.83,14.48,2.61,706.74,False,
SETT-BATCH0348-ORD02087,ORD02087,2025-01-25,3278.08,65.56,11.8,3200.72,False,
SETT-BATCH0348-ORD02088,ORD02088,2025-01-25,1046.29,20.93,3.77,1021.59,False,
SETT-BATCH0349-ORD02089,ORD02089,2025-04-19,4674.36,93.49,16.83,4564.04,True,Risk Review
SETT-BATCH0349-ORD02090,ORD02090,2025-04-19,1610.63,32.21,5.8,1572.62,True,Risk Review
SETT-BATCH0349-ORD02091,ORD02091,2025-04-19,1678.24,33.56,6.04,1638.64,True,Risk Review
SETT-BATCH0349-ORD02092,ORD02092,2025-04-19,2566.88,51.34,9.24,2506.3,True,Risk Review
SETT-BATCH0349-ORD02093,ORD02093,2025-04-19,6741.65,134.83,24.27,6582.55,True,Risk Review
SETT-BATCH0349-ORD02094,ORD02094,2025-04-19,7976.69,159.53,28.72,7788.44,True,Risk Review
SETT-BATCH0350-ORD02095,ORD02095,2025-04-13,665.2,13.3,2.39,649.51,False,
SETT-BATCH0350-ORD02096,ORD02096,2025-04-13,1606.62,32.13,5.78,1568.71,False,
SETT-BATCH0350-ORD02097,ORD02097,2025-04-13,830.99,16.62,2.99,811.38,False,
SETT-BATCH0350-ORD02098,ORD02098,2025-04-13,2434.71,48.69,8.76,2377.26,False,
SETT-BATCH0350-ORD02099,ORD02099,2025-04-13,1891.83,60.54,10.9,1820.39,False,
SETT-BATCH0350-ORD02100,ORD02100,2025-04-13,1060.23,21.2,3.82,1035.21,False,
SETT-BATCH0351-ORD02101,ORD02101,2025-02-26,7056.17,141.12,25.4,6889.65,False,
SETT-BATCH0351-ORD02102,ORD02102,2025-02-26,690.82,13.82,2.49,674.51,False,
SETT-BATCH0351-ORD02103,ORD02103,2025-02-26,4244.83,84.9,15.28,4144.65,False,
SETT-BATCH0351-ORD02104,ORD02104,2025-02-26,16878.68,337.57,60.76,16480.35,False,
SETT-BATCH0351-ORD02105,ORD02105,2025-02-26,13297.8,265.96,47.87,12983.97,False,
SETT-BATCH0351-ORD02106,ORD02106,2025-02-26,8316.38,166.33,29.94,8120.11,False,
SETT-BATCH0352-ORD02107,ORD02107,2025-02-14,47639.45,952.79,171.5,46515.16,True,Risk Review
SETT-BATCH0352-ORD02108,ORD02108,2025-02-14,46375.1,927.5,166.95,45280.65,True,Risk Review
SETT-BATCH0352-ORD02109,ORD02109,2025-02-14,6174.15,123.48,22.23,6028.44,True,Risk Review
SETT-BATCH0352-ORD02110,ORD02110,2025-02-14,8695.91,173.92,31.31,8490.68,True,Risk Review
SETT-BATCH0352-ORD02111,ORD02111,2025-02-14,1142.17,22.84,4.11,1115.22,True,Risk Review
SETT-BATCH0352-ORD02112,ORD02112,2025-02-14,1151.37,23.03,4.15,1124.19,True,Risk Review
SETT-BATCH0353-ORD02113,ORD02113,2025-03-19,18876.57,377.53,67.96,18431.08,False,
SETT-BATCH0353-ORD02114,ORD02114,2025-03-19,23473.78,469.48,84.51,22919.79,False,
SETT-BATCH0353-ORD02115,ORD02115,2025-03-19,26001.47,520.03,93.61,25387.83,False,
SETT-BATCH0353-ORD02116,ORD02116,2025-03-19,6033.73,120.67,21.72,5891.34,False,
SETT-BATCH0353-ORD02117,ORD02117,2025-03-19,5834.15,116.68,21.0,5696.47,False,
SETT-BATCH0353-ORD02118,ORD02118,2025-03-19,16786.62,335.73,60.43,16390.46,False,
SETT-BATCH0354-ORD02119,ORD02119,2025-02-17,1629.62,32.59,5.87,1591.16,False,
SETT-BATCH0354-ORD02120,ORD02120,2025-02-17,9599.47,191.99,34.56,9372.92,False,
SETT-BATCH0354-ORD02121,ORD02121,2025-02-17,858.59,17.17,3.09,838.33,False,
SETT-BATCH0354-ORD02122,ORD02122,2025-02-17,1503.55,30.07,5.41,1468.07,False,
SETT-BATCH0354-ORD02123,ORD02123,2025-02-17,8863.38,177.27,31.91,8654.2,False,
SETT-BATCH0354-ORD02124,ORD02124,2025-02-17,1182.26,23.65,4.26,1154.35,False,
SETT-BATCH0355-ORD02125,ORD02125,2025-01-02,16080.41,321.61,57.89,15700.91,False,
SETT-BATCH0355-ORD02126,ORD02126,2025-01-02,7631.22,152.62,27.47,7451.13,False,
SETT-BATCH0355-ORD02127,ORD02127,2025-01-02,11060.48,221.21,39.82,10799.45,False,
SETT-BATCH0355-ORD02128,ORD02128,2025-01-02,549.07,10.98,1.98,536.11,False,
SETT-BATCH0355-ORD02129,ORD02129,2025-01-02,20470.82,409.42,73.7,19987.7,False,
SETT-BATCH0355-ORD02130,ORD02130,2025-01-02,8355.83,167.12,30.08,8158.63,False,
SETT-BATCH0356-ORD02131,ORD02131,2025-01-31,1821.27,36.43,6.56,1778.28,False,
SETT-BATCH0356-ORD02132,ORD02132,2025-01-31,9280.03,185.6,33.41,9061.02,False,
SETT-BATCH0356-ORD02133,ORD02133,2025-01-31,11664.5,233.29,41.99,11389.22,False,
SETT-BATCH0356-ORD02134,ORD02134,2025-01-31,2326.99,46.54,8.38,2272.07,False,
SETT-BATCH0356-ORD02135,ORD02135,2025-01-31,1338.19,26.76,4.82,1306.61,False,
SETT-BATCH0356-ORD02136,ORD02136,2025-01-31,8188.6,163.77,29.48,7995.35,False,
SETT-BATCH0357-ORD02137,ORD02137,2025-02-02,30965.82,619.32,111.48,30235.02,True,Risk Review
SETT-BATCH0357-ORD02138,ORD02138,2025-02-02,7899.04,157.98,28.44,7712.62,True,Risk Review
SETT-BATCH0357-ORD02139,ORD02139,2025-02-02,20542.65,410.85,73.95,20057.85,True,Risk Review
SETT-BATCH0357-ORD02140,ORD02140,2025-02-02,1846.9,36.94,6.65,1803.31,True,Risk Review
SETT-BATCH0357-ORD02141,ORD02141,2025-02-02,4217.16,84.34,15.18,4117.64,True,Risk Review
SETT-BATCH0357-ORD02142,ORD02142,2025-02-02,1178.62,23.57,4.24,1150.81,True,Risk Review
SETT-BATCH0358-ORD02143,ORD02143,2025-02-04,2981.68,59.63,10.73,2911.32,False,
SETT-BATCH0358-ORD02144,ORD02144,2025-02-04,8603.03,172.06,30.97,8400.0,False,
SETT-BATCH0358-ORD02145,ORD02145,2025-02-04,4945.17,98.9,17.8,4828.47,False,
SETT-BATCH0358-ORD02146,ORD02146,2025-02-04,22131.94,442.64,79.68,21609.62,False,
SETT-BATCH0358-ORD02147,ORD02147,2025-02-04,1825.97,36.52,6.57,1782.88,False,
SETT-BATCH0358-ORD02148,ORD02148,2025-02-04,1846.92,36.94,6.65,1803.33,False,
SETT-BATCH0359-ORD02149,ORD02149,2025-03-27,26923.68,538.47,96.92,26288.29,False,
SETT-BATCH0359-ORD02150,ORD02150,2025-03-27,1545.62,30.91,5.56,1509.15,False,
SETT-BATCH0359-ORD02151,ORD02151,2025-03-27,806.38,16.13,2.9,787.35,False,
SETT-BATCH0359-ORD02152,ORD02152,2025-03-27,1124.8,22.5,4.05,1098.25,False,
SETT-BATCH0359-ORD02153,ORD02153,2025-03-27,3056.22,61.12,11.0,2984.1,False,
SETT-BATCH0359-ORD02154,ORD02154,2025-03-27,7901.67,158.03,28.45,7715.19,False,
SETT-BATCH0360-ORD02155,ORD02155,2025-01-11,594.42,11.89,2.14,580.39,False,
SETT-BATCH0360-ORD02156,ORD02156,2025-01-11,17794.31,355.89,64.06,17374.36,False,
SETT-BATCH0360-ORD02157,ORD02157,2025-01-11,4742.34,94.85,17.07,4630.42,False,
SETT-BATCH0360-ORD02158,ORD02158,2025-01-11,17292.23,345.84,62.25,16884.14,False,
SETT-BATCH0360-ORD02159,ORD02159,2025-01-11,8735.26,174.71,31.45,8529.1,False,
SETT-BATCH0360-ORD02160,ORD02160,2025-01-11,6538.01,130.76,23.54,6383.71,False,
SETT-BATCH0361-ORD02161,ORD02161,2025-01-26,890.01,17.8,3.2,869.01,True,Risk Review
SETT-BATCH0361-ORD02162,ORD02162,2025-01-26,932.22,18.64,3.36,910.22,True,Risk Review
SETT-BATCH0361-ORD02163,ORD02163,2025-01-26,926.57,18.53,3.34,904.7,True,Risk Review
SETT-BATCH0361-ORD02164,ORD02164,2025-01-26,3286.32,65.73,11.83,3208.76,True,Risk Review
SETT-BATCH0361-ORD02165,ORD02165,2025-01-26,1959.81,39.2,7.06,1913.55,True,Risk Review
SETT-BATCH0361-ORD02166,ORD02166,2025-01-26,7330.85,146.62,26.39,7157.84,True,Risk Review
SETT-BATCH0362-ORD02167,ORD02167,2025-01-20,675.38,13.51,2.43,659.44,True,Risk Review
SETT-BATCH0362-ORD02168,ORD02168,2025-01-20,5527.11,110.54,19.9,5396.67,True,Risk Review
SETT-BATCH0362-ORD02169,ORD02169,2025-01-20,1343.73,26.87,4.84,1312.02,True,Risk Review
SETT-BATCH0362-ORD02170,ORD02170,2025-01-20,9824.18,196.48,35.37,9592.33,True,Risk Review
SETT-BATCH0362-ORD02171,ORD02171,2025-01-20,1309.8,26.2,4.72,1278.88,True,Risk Review
SETT-BATCH0362-ORD02172,ORD02172,2025-01-20,2971.92,59.44,10.7,2901.78,True,Risk Review
SETT-BATCH0363-ORD02173,ORD02173,2025-01-14,5995.34,119.91,21.58,5853.85,False,
SETT-BATCH0363-ORD02174,ORD02174,2025-01-14,23917.17,478.34,86.1,23352.73,False,
SETT-BATCH0363-ORD02175,ORD02175,2025-01-14,1607.74,32.15,5.79,1569.8,False,
SETT-BATCH0363-ORD02176,ORD02176,2025-01-14,1558.18,31.16,5.61,1521.41,False,
SETT-BATCH0363-ORD02177,ORD02177,2025-01-14,24544.08,490.88,88.36,23964.84,False,
SETT-BATCH0363-ORD02178,ORD02178,2025-01-14,8396.61,167.93,30.23,8198.45,False,
SETT-BATCH0364-ORD02179,ORD02179,2025-02-19,668.47,13.37,2.41,652.69,False,
SETT-BATCH0364-ORD02180,ORD02180,2025-02-19,12091.35,241.83,43.53,11805.99,False,
SETT-BATCH0364-ORD02181,ORD02181,2025-02-19,537.19,10.74,1.93,524.52,False,
SETT-BATCH0364-ORD02182,ORD02182,2025-02-19,16689.59,333.79,60.08,16295.72,False,
SETT-BATCH0364-ORD02183,ORD02183,2025-02-19,1412.23,28.24,5.08,1378.91,False,
SETT-BATCH0364-ORD02184,ORD02184,2025-02-19,3777.15,75.54,13.6,3688.01,False,
SETT-BATCH0365-ORD02185,ORD02185,2025-05-24,625.38,12.51,2.25,610.62,False,
SETT-BATCH0365-ORD02186,ORD02186,2025-05-24,9660.99,193.22,34.78,9432.99,False,
SETT-BATCH0365-ORD02187,ORD02187,2025-05-24,1235.7,24.71,4.45,1206.54,False,
SETT-BATCH0365-ORD02188,ORD02188,2025-05-24,9547.22,190.94,34.37,9321.91,False,
SETT-BATCH0365-ORD02189,ORD02189,2025-05-24,721.92,14.44,2.6,704.88,False,
SETT-BATCH0365-ORD02190,ORD02190,2025-05-24,1059.25,21.18,3.81,1034.26,False,
SETT-BATCH0366-ORD02191,ORD02191,2025-05-27,962.13,19.24,3.46,939.43,False,
SETT-BATCH0366-ORD02192,ORD02192,2025-05-27,11313.98,226.28,40.73,11046.97,False,
SETT-BATCH0366-ORD02193,ORD02193,2025-05-27,5324.88,106.5,19.17,5199.21,False,
SETT-BATCH0366-ORD02194,ORD02194,2025-05-27,1708.51,34.17,6.15,1668.19,False,
SETT-BATCH0366-ORD02195,ORD02195,2025-05-27,5313.55,106.27,19.13,5188.15,False,
SETT-BATCH0366-ORD02196,ORD02196,2025-05-27,3149.11,62.98,11.34,3074.79,False,
SETT-BATCH0367-ORD02197,ORD02197,2025-04-14,8940.21,178.8,32.18,8729.23,False,
SETT-BATCH0367-ORD02198,ORD02198,2025-04-14,1940.14,38.8,6.98,1894.36,False,
SETT-BATCH0367-ORD02199,ORD02199,2025-04-14,1114.19,22.28,4.01,1087.9,False,
SETT-BATCH0367-ORD02200,ORD02200,2025-04-14,6446.51,128.93,23.21,6294.37,False,
SETT-BATCH0367-ORD02201,ORD02201,2025-04-14,9318.98,186.38,33.55,9099.05,False,
SETT-BATCH0367-ORD02202,ORD02202,2025-04-14,1072.65,21.45,3.86,1047.34,False,
SETT-BATCH0368-ORD02203,ORD02203,2025-01-03,8582.39,171.65,30.9,8379.84,False,
SETT-BATCH0368-ORD02204,ORD02204,2025-01-03,14558.72,291.17,52.41,14215.14,False,
SETT-BATCH0368-ORD02205,ORD02205,2025-01-03,3796.16,75.92,13.67,3706.57,False,
SETT-BATCH0368-ORD02206,ORD02206,2025-01-03,950.25,19.0,3.42,927.83,False,
SETT-BATCH0368-ORD02207,ORD02207,2025-01-03,17088.12,341.76,61.52,16684.84,False,
SETT-BATCH0368-ORD02208,ORD02208,2025-01-03,4301.51,86.03,15.49,4199.99,False,
SETT-BATCH0369-ORD02209,ORD02209,2025-04-03,7502.75,150.06,27.01,7325.68,False,
SETT-BATCH0369-ORD02210,ORD02210,2025-04-03,1647.08,32.94,5.93,1608.21,False,
SETT-BATCH0369-ORD02211,ORD02211,2025-04-03,26668.12,533.36,96.0,26038.76,False,
SETT-BATCH0369-ORD02212,ORD02212,2025-04-03,6524.6,130.49,23.49,6370.62,False,
SETT-BATCH0369-ORD02213,ORD02213,2025-04-03,5808.33,116.17,20.91,5671.25,False,
SETT-BATCH0369-ORD02214,ORD02214,2025-04-03,15598.03,311.96,56.15,15229.92,False,
SETT-BATCH0370-ORD02215,ORD02215,2025-05-22,889.31,17.79,3.2,868.32,False,
SETT-BATCH0370-ORD02216,ORD02216,2025-05-22,979.52,19.59,3.53,956.4,False,
SETT-BATCH0370-ORD02217,ORD02217,2025-05-22,744.96,14.9,2.68,727.38,False,
SETT-BATCH0370-ORD02218,ORD02218,2025-05-22,1454.37,29.09,5.24,1420.04,False,
SETT-BATCH0370-ORD02219,ORD02219,2025-05-22,937.5,18.75,3.38,915.37,False,
SETT-BATCH0370-ORD02220,ORD02220,2025-05-22,17708.0,354.16,63.75,17290.09,False,
SETT-BATCH0371-ORD02221,ORD02221,2025-03-13,641.76,12.84,2.31,626.61,False,
SETT-BATCH0371-ORD02222,ORD02222,2025-03-13,8979.55,179.59,32.33,8767.63,False,
SETT-BATCH0371-ORD02223,ORD02223,2025-03-13,14071.88,281.44,50.66,13739.78,False,
SETT-BATCH0371-ORD02224,ORD02224,2025-03-13,2766.67,55.33,9.96,2701.38,False,
SETT-BATCH0371-ORD02225,ORD02225,2025-03-13,715.58,14.31,2.58,698.69,False,
SETT-BATCH0371-ORD02226,ORD02226,2025-03-13,4984.11,99.68,17.94,4866.49,False,
SETT-BATCH0372-ORD02227,ORD02227,2025-03-26,9367.26,187.35,33.72,9146.19,False,
SETT-BATCH0372-ORD02228,ORD02228,2025-03-26,731.83,14.64,2.64,714.55,False,
SETT-BATCH0372-ORD02229,ORD02229,2025-03-26,21926.6,438.53,78.94,21409.13,False,
SETT-BATCH0372-ORD02230,ORD02230,2025-03-26,8651.33,173.03,31.15,8447.15,False,
SETT-BATCH0372-ORD02231,ORD02231,2025-03-26,20688.21,413.76,74.48,20199.97,False,
SETT-BATCH0372-ORD02232,ORD02232,2025-03-26,11709.5,234.19,42.15,11433.16,False,
SETT-BATCH0373-ORD02233,ORD02233,2025-03-03,11748.48,234.97,42.29,11471.22,False,
SETT-BATCH0373-ORD02234,ORD02234,2025-03-03,17192.77,343.86,61.89,16787.02,False,
SETT-BATCH0373-ORD02235,ORD02235,2025-03-03,3112.11,62.24,11.2,3038.67,False,
SETT-BATCH0373-ORD02236,ORD02236,2025-03-03,18964.73,379.29,68.27,18517.17,False,
SETT-BATCH0373-ORD02237,ORD02237,2025-03-03,957.03,19.14,3.45,934.44,False,
SETT-BATCH0373-ORD02238,ORD02238,2025-03-03,1785.22,35.7,6.43,1743.09,False,
SETT-BATCH0374-ORD02239,ORD02239,2025-01-11,4459.43,89.19,16.05,4354.19,True,Risk Review
SETT-BATCH0374-ORD02240,ORD02240,2025-01-11,617.91,12.36,2.22,603.33,True,Risk Review
SETT-BATCH0374-ORD02241,ORD02241,2025-01-11,11675.83,233.52,42.03,11400.28,True,Risk Review
SETT-BATCH0374-ORD02242,ORD02242,2025-01-11,21360.01,427.2,76.9,20855.91,True,Risk Review
SETT-BATCH0374-ORD02243,ORD02243,2025-01-11,549.19,10.98,1.98,536.23,True,Risk Review
SETT-BATCH0374-ORD02244,ORD02244,2025-01-11,2474.12,49.48,8.91,2415.73,True,Risk Review
SETT-BATCH0375-ORD02245,ORD02245,2025-02-17,10649.22,212.98,38.34,10397.9,False,
SETT-BATCH0375-ORD02246,ORD02246,2025-02-17,8036.4,160.73,28.93,7846.74,False,
SETT-BATCH0375-ORD02247,ORD02247,2025-02-17,13081.02,261.62,47.09,12772.31,False,
SETT-BATCH0375-ORD02248,ORD02248,2025-02-17,1027.3,20.55,3.7,1003.05,False,
SETT-BATCH0375-ORD02249,ORD02249,2025-02-17,1619.3,32.39,5.83,1581.08,False,
SETT-BATCH0375-ORD02250,ORD02250,2025-02-17,15217.55,304.35,54.78,14858.42,False,
SETT-BATCH0376-ORD02251,ORD02251,2025-01-04,21712.03,434.24,78.16,21199.63,False,
SETT-BATCH0376-ORD02252,ORD02252,2025-01-04,1355.35,27.11,4.88,1323.36,False,
SETT-BATCH0376-ORD02253,ORD02253,2025-01-04,21448.66,428.97,77.21,20942.48,False,
SETT-BATCH0376-ORD02254,ORD02254,2025-01-04,787.32,15.75,2.83,768.74,False,
SETT-BATCH0376-ORD02255,ORD02255,2025-01-04,1631.03,32.62,5.87,1592.54,False,
SETT-BATCH0376-ORD02256,ORD02256,2025-01-04,27467.14,549.34,98.88,26818.92,False,
SETT-BATCH0377-ORD02257,ORD02257,2025-04-21,22769.45,455.39,81.97,22232.09,False,
SETT-BATCH0377-ORD02258,ORD02258,2025-04-21,1384.07,27.68,4.98,1351.41,False,
SETT-BATCH0377-ORD02259,ORD02259,2025-04-21,2858.6,57.17,10.29,2791.14,False,
SETT-BATCH0377-ORD02260,ORD02260,2025-04-21,35602.3,712.05,128.17,34762.08,False,
SETT-BATCH0377-ORD02261,ORD02261,2025-04-21,669.27,13.39,2.41,653.47,False,
SETT-BATCH0377-ORD02262,ORD02262,2025-04-21,665.47,13.31,2.4,649.76,False,
SETT-BATCH0378-ORD02263,ORD02263,2025-03-12,4890.0,97.8,17.6,4774.6,False,
SETT-BATCH0378-ORD02264,ORD02264,2025-03-12,2324.87,46.5,8.37,2270.0,False,
SETT-BATCH0378-ORD02265,ORD02265,2025-03-12,5078.25,101.56,18.28,4958.41,False,
SETT-BATCH0378-ORD02266,ORD02266,2025-03-12,4496.06,89.92,16.19,4389.95,False,
SETT-BATCH0378-ORD02267,ORD02267,2025-03-12,1110.92,22.22,4.0,1084.7,False,
SETT-BATCH0378-ORD02268,ORD02268,2025-03-12,604.41,12.09,2.18,590.14,False,
SETT-BATCH0379-ORD02269,ORD02269,2025-01-08,15511.62,310.23,55.84,15145.55,False,
SETT-BATCH0379-ORD02270,ORD02270,2025-01-08,37291.21,745.82,134.25,36411.14,False,
SETT-BATCH0379-ORD02271,ORD02271,2025-01-08,1283.99,25.68,4.62,1253.69,False,
SETT-BATCH0379-ORD02272,ORD02272,2025-01-08,715.05,14.3,2.57,698.18,False,
SETT-BATCH0379-ORD02273,ORD02273,2025-01-08,9820.57,196.41,35.35,9588.81,False,
SETT-BATCH0379-ORD02274,ORD02274,2025-01-08,1962.81,39.26,7.07,1916.48,False,
SETT-BATCH0380-ORD02275,ORD02275,2025-06-24,1766.04,35.32,6.36,1724.36,False,
SETT-BATCH0380-ORD02276,ORD02276,2025-06-24,1757.16,35.14,6.33,1715.69,False,
SETT-BATCH0380-ORD02277,ORD02277,2025-06-24,1570.24,31.4,5.65,1533.19,False,
SETT-BATCH0380-ORD02278,ORD02278,2025-06-24,8050.42,161.01,28.98,7860.43,False,
SETT-BATCH0380-ORD02279,ORD02279,2025-06-24,15341.46,306.83,55.23,14979.4,False,
SETT-BATCH0380-ORD02280,ORD02280,2025-06-24,5235.55,104.71,18.85,5111.99,False,
SETT-BATCH0381-ORD02281,ORD02281,2025-01-17,3178.99,63.58,11.44,3103.97,False,
SETT-BATCH0381-ORD02282,ORD02282,2025-01-17,876.03,17.52,3.15,855.36,False,
SETT-BATCH0381-ORD02283,ORD02283,2025-01-17,1913.6,38.27,6.89,1868.44,False,
SETT-BATCH0381-ORD02284,ORD02284,2025-01-17,579.28,11.59,2.09,565.6,False,
SETT-BATCH0381-ORD02285,ORD02285,2025-01-17,2213.99,44.28,7.97,2161.74,False,
SETT-BATCH0381-ORD02286,ORD02286,2025-01-17,1518.81,30.38,5.47,1482.96,False,
SETT-BATCH0382-ORD02287,ORD02287,2025-02-10,1434.85,28.7,5.17,1400.98,False,
SETT-BATCH0382-ORD02288,ORD02288,2025-02-10,6159.59,123.19,22.17,6014.23,False,
SETT-BATCH0382-ORD02289,ORD02289,2025-02-10,13028.98,260.58,46.9,12721.5,False,
SETT-BATCH0382-ORD02290,ORD02290,2025-02-10,6038.36,120.77,21.74,5895.85,False,
SETT-BATCH0382-ORD02291,ORD02291,2025-02-10,1789.51,35.79,6.44,1747.28,False,
SETT-BATCH0382-ORD02292,ORD02292,2025-02-10,1645.95,32.92,5.93,1607.1,False,
SETT-BATCH0383-ORD02293,ORD02293,2025-06-11,11787.01,235.74,42.43,11508.84,True,Risk Review
SETT-BATCH0383-ORD02294,ORD02294,2025-06-11,1064.5,21.29,3.83,1039.38,True,Risk Review
SETT-BATCH0383-ORD02295,ORD02295,2025-06-11,765.3,15.31,2.76,747.23,True,Risk Review
SETT-BATCH0383-ORD02296,ORD02296,2025-06-11,14545.67,290.91,52.36,14202.4,True,Risk Review
SETT-BATCH0383-ORD02297,ORD02297,2025-06-11,1146.02,22.92,4.13,1118.97,True,Risk Review
SETT-BATCH0383-ORD02298,ORD02298,2025-06-11,5899.64,117.99,21.24,5760.41,True,Risk Review
SETT-BATCH0384-ORD02299,ORD02299,2025-01-30,5924.43,118.49,21.33,5784.61,False,
SETT-BATCH0384-ORD02300,ORD02300,2025-01-30,6577.68,131.55,23.68,6422.45,False,
SETT-BATCH0384-ORD02301,ORD02301,2025-01-30,3250.49,65.01,11.7,3173.78,False,
SETT-BATCH0384-ORD02302,ORD02302,2025-01-30,1242.04,24.84,4.47,1212.73,False,
SETT-BATCH0384-ORD02303,ORD02303,2025-01-30,4822.11,96.44,17.36,4708.31,False,
SETT-BATCH0384-ORD02304,ORD02304,2025-01-30,542.22,10.84,1.95,529.43,False,
SETT-BATCH0385-ORD02305,ORD02305,2025-01-25,1049.62,20.99,3.78,1024.85,False,
SETT-BATCH0385-ORD02306,ORD02306,2025-01-25,1837.01,58.78,10.58,1767.65,False,
SETT-BATCH0385-ORD02307,ORD02307,2025-01-25,1142.22,22.84,4.11,1115.27,False,
SETT-BATCH0385-ORD02308,ORD02308,2025-01-25,2451.59,49.03,8.83,2393.73,False,
SETT-BATCH0385-ORD02309,ORD02309,2025-01-25,1472.12,29.44,5.3,1437.38,False,
SETT-BATCH0385-ORD02310,ORD02310,2025-01-25,1531.99,30.64,5.52,1495.83,False,
SETT-BATCH0386-ORD02311,ORD02311,2025-01-13,754.67,15.09,2.72,736.86,False,
SETT-BATCH0386-ORD02312,ORD02312,2025-01-13,1191.36,23.83,4.29,1163.24,False,
SETT-BATCH0386-ORD02313,ORD02313,2025-01-13,9211.28,184.23,33.16,8993.89,False,
SETT-BATCH0386-ORD02314,ORD02314,2025-01-13,1204.55,24.09,4.34,1176.12,False,
SETT-BATCH0386-ORD02315,ORD02315,2025-01-13,34443.44,688.87,124.0,33630.57,False,
SETT-BATCH0386-ORD02316,ORD02316,2025-01-13,646.59,12.93,2.33,631.33,False,
SETT-BATCH0387-ORD02317,ORD02317,2025-06-24,1512.67,30.25,5.44,1476.98,False,
SETT-BATCH0387-ORD02318,ORD02318,2025-06-24,8491.66,169.83,30.57,8291.26,False,
SETT-BATCH0387-ORD02319,ORD02319,2025-06-24,1422.24,28.44,5.12,1388.68,False,
SETT-BATCH0387-ORD02320,ORD02320,2025-06-24,30043.97,600.88,108.16,29334.93,False,
SETT-BATCH0387-ORD02321,ORD02321,2025-06-24,21807.24,436.14,78.51,21292.59,False,
SETT-BATCH0387-ORD02322,ORD02322,2025-06-24,897.73,17.95,3.23,876.55,False,
SETT-BATCH0388-ORD02323,ORD02323,2025-02-05,35050.68,701.01,126.18,34223.49,True,Risk Review
SETT-BATCH0388-ORD02324,ORD02324,2025-02-05,9663.53,193.27,34.79,9435.47,True,Risk Review
SETT-BATCH0388-ORD02325,ORD02325,2025-02-05,1005.26,20.11,3.62,981.53,True,Risk Review
SETT-BATCH0388-ORD02326,ORD02326,2025-02-05,6248.51,124.97,22.49,6101.05,True,Risk Review
SETT-BATCH0388-ORD02327,ORD02327,2025-02-05,1693.48,33.87,6.1,1653.51,True,Risk Review
SETT-BATCH0388-ORD02328,ORD02328,2025-02-05,17569.59,351.39,63.25,17154.95,True,Risk Review
SETT-BATCH0389-ORD02329,ORD02329,2025-04-04,6319.58,126.39,22.75,6170.44,False,
SETT-BATCH0389-ORD02330,ORD02330,2025-04-04,4010.12,80.2,14.44,3915.48,False,
SETT-BATCH0389-ORD02331,ORD02331,2025-04-04,8107.54,162.15,29.19,7916.2,False,
SETT-BATCH0389-ORD02332,ORD02332,2025-04-04,19417.66,388.35,69.9,18959.41,False,
SETT-BATCH0389-ORD02333,ORD02333,2025-04-04,18652.65,373.05,67.15,18212.45,False,
SETT-BATCH0389-ORD02334,ORD02334,2025-04-04,8591.26,171.83,30.93,8388.5,False,
SETT-BATCH0390-ORD02335,ORD02335,2025-03-20,1456.89,29.14,5.25,1422.5,False,
SETT-BATCH0390-ORD02336,ORD02336,2025-03-20,23602.54,472.05,84.97,23045.52,False,
SETT-BATCH0390-ORD02337,ORD02337,2025-03-20,2479.05,49.58,8.92,2420.55,False,
SETT-BATCH0390-ORD02338,ORD02338,2025-03-20,721.62,14.43,2.6,704.59,False,
SETT-BATCH0390-ORD02339,ORD02339,2025-03-20,8124.24,162.48,29.25,7932.51,False,
SETT-BATCH0390-ORD02340,ORD02340,2025-03-20,8881.49,177.63,31.97,8671.89,False,
SETT-BATCH0391-ORD02341,ORD02341,2025-02-03,8767.74,175.35,31.56,8560.83,False,
SETT-BATCH0391-ORD02342,ORD02342,2025-02-03,19690.64,393.81,70.89,19225.94,False,
SETT-BATCH0391-ORD02343,ORD02343,2025-02-03,3889.04,77.78,14.0,3797.26,False,
SETT-BATCH0391-ORD02344,ORD02344,2025-02-03,787.87,15.76,2.84,769.27,False,
SETT-BATCH0391-ORD02345,ORD02345,2025-02-03,14658.11,293.16,52.77,14312.18,False,
SETT-BATCH0391-ORD02346,ORD02346,2025-02-03,5489.06,109.78,19.76,5359.52,False,
SETT-BATCH0392-ORD02347,ORD02347,2025-01-12,13029.86,260.6,46.91,12722.35,False,
SETT-BATCH0392-ORD02348,ORD02348,2025-01-12,887.6,17.75,3.19,866.66,False,
SETT-BATCH0392-ORD02349,ORD02349,2025-01-12,3407.88,68.16,12.27,3327.45,False,
SETT-BATCH0392-ORD02350,ORD02350,2025-01-12,37146.05,742.92,133.73,36269.4,False,
SETT-BATCH0392-ORD02351,ORD02351,2025-01-12,1844.76,36.9,6.64,1801.22,False,
SETT-BATCH0392-ORD02352,ORD02352,2025-01-12,8937.37,178.75,32.17,8726.45,False,
SETT-BATCH0393-ORD02353,ORD02353,2025-02-17,20075.08,401.5,72.27,19601.31,False,
SETT-BATCH0393-ORD02354,ORD02354,2025-02-17,1759.72,35.19,6.33,1718.2,False,
SETT-BATCH0393-ORD02355,ORD02355,2025-02-17,1356.46,27.13,4.88,1324.45,False,
SETT-BATCH0393-ORD02356,ORD02356,2025-02-17,17829.36,356.59,64.19,17408.58,False,
SETT-BATCH0393-ORD02357,ORD02357,2025-02-17,23973.33,479.47,86.3,23407.56,False,
SETT-BATCH0393-ORD02358,ORD02358,2025-02-17,2721.99,54.44,9.8,2657.75,False,
SETT-BATCH0394-ORD02359,ORD02359,2025-01-31,1710.03,34.2,6.16,1669.67,False,
SETT-BATCH0394-ORD02360,ORD02360,2025-01-31,21058.55,421.17,75.81,20561.57,False,
SETT-BATCH0394-ORD02361,ORD02361,2025-01-31,13270.13,265.4,47.77,12956.96,False,
SETT-BATCH0394-ORD02362,ORD02362,2025-01-31,1954.89,39.1,7.04,1908.75,False,
SETT-BATCH0394-ORD02363,ORD02363,2025-01-31,8903.2,178.06,32.05,8693.09,False,
SETT-BATCH0394-ORD02364,ORD02364,2025-01-31,4997.64,99.95,17.99,4879.7,False,
SETT-BATCH0395-ORD02365,ORD02365,2025-01-30,1135.67,22.71,4.09,1108.87,False,
SETT-BATCH0395-ORD02366,ORD02366,2025-01-30,916.6,18.33,3.3,894.97,False,
SETT-BATCH0395-ORD02367,ORD02367,2025-01-30,1573.51,31.47,5.66,1536.38,False,
SETT-BATCH0395-ORD02368,ORD02368,2025-01-30,1950.21,39.0,7.02,1904.19,False,
SETT-BATCH0395-ORD02369,ORD02369,2025-01-30,1609.17,32.18,5.79,1571.2,False,
SETT-BATCH0395-ORD02370,ORD02370,2025-01-30,8310.42,166.21,29.92,8114.29,False,
SETT-BATCH0396-ORD02371,ORD02371,2025-05-04,1077.04,21.54,3.88,1051.62,False,
SETT-BATCH0396-ORD02372,ORD02372,2025-05-04,34071.38,681.43,122.66,33267.29,False,
SETT-BATCH0396-ORD02373,ORD02373,2025-05-04,1800.43,36.01,6.48,1757.94,False,
SETT-BATCH0396-ORD02374,ORD02374,2025-05-04,1864.68,37.29,6.71,1820.68,False,
SETT-BATCH0396-ORD02375,ORD02375,2025-05-04,23768.9,475.38,85.57,23207.95,False,
SETT-BATCH0396-ORD02376,ORD02376,2025-05-04,1734.06,34.68,6.24,1693.14,False,
SETT-BATCH0397-ORD02377,ORD02377,2025-02-12,1789.13,35.78,6.44,1746.91,False,
SETT-BATCH0397-ORD02378,ORD02378,2025-02-12,19470.29,389.41,70.09,19010.79,False,
SETT-BATCH0397-ORD02379,ORD02379,2025-02-12,2271.05,45.42,8.18,2217.45,False,
SETT-BATCH0397-ORD02380,ORD02380,2025-02-12,24107.43,482.15,86.79,23538.49,False,
SETT-BATCH0397-ORD02381,ORD02381,2025-02-12,9411.98,188.24,33.88,9189.86,False,
SETT-BATCH0397-ORD02382,ORD02382,2025-02-12,9014.09,180.28,32.45,8801.36,False,
SETT-BATCH0398-ORD02383,ORD02383,2025-01-17,20477.23,409.54,73.72,19993.97,False,
SETT-BATCH0398-ORD02384,ORD02384,2025-01-17,1131.31,22.63,4.07,1104.61,False,
SETT-BATCH0398-ORD02385,ORD02385,2025-01-17,5626.09,112.52,20.25,5493.32,False,
SETT-BATCH0398-ORD02386,ORD02386,2025-01-17,19620.59,392.41,70.63,19157.55,False,
SETT-BATCH0398-ORD02387,ORD02387,2025-01-17,8328.15,166.56,29.98,8131.61,False,
SETT-BATCH0398-ORD02388,ORD02388,2025-01-17,800.11,16.0,2.88,781.23,False,
SETT-BATCH0399-ORD02389,ORD02389,2025-03-23,623.35,12.47,2.24,608.64,False,
SETT-BATCH0399-ORD02390,ORD02390,2025-03-23,1570.35,31.41,5.65,1533.29,False,
SETT-BATCH0399-ORD02391,ORD02391,2025-03-23,22704.41,454.09,81.74,22168.58,False,
SETT-BATCH0399-ORD02392,ORD02392,2025-03-23,9515.35,190.31,34.26,9290.78,False,
SETT-BATCH0399-ORD02393,ORD02393,2025-03-23,7881.38,157.63,28.37,7695.38,False,
SETT-BATCH0399-ORD02394,ORD02394,2025-03-23,1389.53,27.79,5.0,1356.74,False,
SETT-BATCH0400-ORD02395,ORD02395,2025-02-16,12979.96,259.6,46.73,12673.63,False,
SETT-BATCH0400-ORD02396,ORD02396,2025-02-16,1090.24,21.8,3.92,1064.52,False,
SETT-BATCH0400-ORD02397,ORD02397,2025-02-16,23265.12,465.3,83.75,22716.07,False,
SETT-BATCH0400-ORD02398,ORD02398,2025-02-16,534.46,10.69,1.92,521.85,False,
SETT-BATCH0400-ORD02399,ORD02399,2025-02-16,7013.02,140.26,25.25,6847.51,False,
SETT-BATCH0400-ORD02400,ORD02400,2025-02-16,29956.66,599.13,107.84,29249.69,False,
SETT-BATCH0401-ORD02401,ORD02401,2025-02-16,10746.74,343.89,61.9,10340.95,False,
SETT-BATCH0401-ORD02402,ORD02402,2025-02-16,4081.26,81.63,14.69,3984.94,False,
SETT-BATCH0401-ORD02403,ORD02403,2025-02-16,29253.07,585.06,105.31,28562.7,False,
SETT-BATCH0401-ORD02404,ORD02404,2025-02-16,1577.88,31.56,5.68,1540.64,False,
SETT-BATCH0401-ORD02405,ORD02405,2025-02-16,23924.27,478.49,86.13,23359.65,False,
SETT-BATCH0401-ORD02406,ORD02406,2025-02-16,3795.87,75.92,13.67,3706.28,False,
SETT-BATCH0402-ORD02407,ORD02407,2025-03-09,1792.91,35.86,6.45,1750.6,False,
SETT-BATCH0402-ORD02408,ORD02408,2025-03-09,1241.25,24.82,4.47,1211.96,False,
SETT-BATCH0402-ORD02409,ORD02409,2025-03-09,3652.85,73.06,13.15,3566.64,False,
SETT-BATCH0402-ORD02410,ORD02410,2025-03-09,32074.18,641.48,115.47,31317.23,False,
SETT-BATCH0402-ORD02411,ORD02411,2025-03-09,770.55,15.41,2.77,752.37,False,
SETT-BATCH0402-ORD02412,ORD02412,2025-03-09,1964.19,39.28,7.07,1917.84,False,
SETT-BATCH0403-ORD02413,ORD02413,2025-02-14,9258.63,185.17,33.33,9040.13,False,
SETT-BATCH0403-ORD02414,ORD02414,2025-02-14,7177.88,143.56,25.84,7008.48,False,
SETT-BATCH0403-ORD02415,ORD02415,2025-02-14,699.81,14.0,2.52,683.29,False,
SETT-BATCH0403-ORD02416,ORD02416,2025-02-14,34938.87,698.78,125.78,34114.31,False,
SETT-BATCH0403-ORD02417,ORD02417,2025-02-14,7667.63,153.35,27.6,7486.68,False,
SETT-BATCH0403-ORD02418,ORD02418,2025-02-14,642.92,12.86,2.31,627.75,False,
SETT-BATCH0404-ORD02419,ORD02419,2025-01-26,1896.6,37.93,6.83,1851.84,False,
SETT-BATCH0404-ORD02420,ORD02420,2025-01-26,24951.09,499.02,89.82,24362.25,False,
SETT-BATCH0404-ORD02421,ORD02421,2025-01-26,39955.8,799.12,143.84,39012.84,False,
SETT-BATCH0404-ORD02422,ORD02422,2025-01-26,1256.81,25.14,4.53,1227.14,False,
SETT-BATCH0404-ORD02423,ORD02423,2025-01-26,1092.05,21.84,3.93,1066.28,False,
SETT-BATCH0404-ORD02424,ORD02424,2025-01-26,1838.34,36.77,6.62,1794.95,False,
SETT-BATCH0405-ORD02425,ORD02425,2025-01-23,4082.33,81.65,14.7,3985.98,True,Risk Review
SETT-BATCH0405-ORD02426,ORD02426,2025-01-23,4713.41,94.27,16.97,4602.17,True,Risk Review
SETT-BATCH0405-ORD02427,ORD02427,2025-01-23,975.98,19.52,3.51,952.95,True,Risk Review
SETT-BATCH0405-ORD02428,ORD02428,2025-01-23,4083.25,81.67,14.7,3986.88,True,Risk Review
SETT-BATCH0405-ORD02429,ORD02429,2025-01-23,691.81,13.84,2.49,675.48,True,Risk Review
SETT-BATCH0405-ORD02430,ORD02430,2025-01-23,9409.9,188.2,33.88,9187.82,True,Risk Review
SETT-BATCH0406-ORD02431,ORD02431,2025-03-20,13948.25,278.97,50.21,13619.07,False,
SETT-BATCH0406-ORD02432,ORD02432,2025-03-20,5486.2,109.72,19.75,5356.73,False,
SETT-BATCH0406-ORD02433,ORD02433,2025-03-20,1991.85,39.84,7.17,1944.84,False,
SETT-BATCH0406-ORD02434,ORD02434,2025-03-20,9382.82,187.66,33.78,9161.38,False,
SETT-BATCH0406-ORD02435,ORD02435,2025-03-20,10798.33,215.97,38.87,10543.49,False,
SETT-BATCH0406-ORD02436,ORD02436,2025-03-20,774.71,15.49,2.79,756.43,False,
SETT-BATCH0407-ORD02437,ORD02437,2025-02-28,1558.94,31.18,5.61,1522.15,False,
SETT-BATCH0407-ORD02438,ORD02438,2025-02-28,1842.76,36.86,6.63,1799.27,False,
SETT-BATCH0407-ORD02439,ORD02439,2025-02-28,1034.78,20.7,3.73,1010.35,False,
SETT-BATCH0407-ORD02440,ORD02440,2025-02-28,5662.08,113.24,20.38,5528.46,False,
SETT-BATCH0407-ORD02441,ORD02441,2025-02-28,23003.19,460.06,82.81,22460.32,False,
SETT-BATCH0407-ORD02442,ORD02442,2025-02-28,805.6,16.11,2.9,786.59,False,
SETT-BATCH0408-ORD02443,ORD02443,2025-01-04,752.44,15.05,2.71,734.68,False,
SETT-BATCH0408-ORD02444,ORD02444,2025-01-04,18448.71,368.97,66.41,18013.33,False,
SETT-BATCH0408-ORD02445,ORD02445,2025-01-04,6668.38,133.37,24.01,6511.0,False,
SETT-BATCH0408-ORD02446,ORD02446,2025-01-04,6566.3,131.33,23.64,6411.33,False,
SETT-BATCH0408-ORD02447,ORD02447,2025-01-04,13692.36,273.85,49.29,13369.22,False,
SETT-BATCH0408-ORD02448,ORD02448,2025-01-04,9098.94,181.98,32.76,8884.2,False,
SETT-BATCH0409-ORD02449,ORD02449,2025-01-15,1972.0,39.44,7.1,1925.46,False,
SETT-BATCH0409-ORD02450,ORD02450,2025-01-15,1385.51,27.71,4.99,1352.81,False,
SETT-BATCH0409-ORD02451,ORD02451,2025-01-15,12306.63,246.13,44.3,12016.2,False,
SETT-BATCH0409-ORD02452,ORD02452,2025-01-15,7661.65,153.23,27.58,7480.84,False,
SETT-BATCH0409-ORD02453,ORD02453,2025-01-15,9641.61,192.83,34.71,9414.07,False,
SETT-BATCH0409-ORD02454,ORD02454,2025-01-15,4635.42,92.71,16.69,4526.02,False,
SETT-BATCH0410-ORD02455,ORD02455,2025-01-24,9607.17,192.14,34.59,9380.44,False,
SETT-BATCH0410-ORD02456,ORD02456,2025-01-24,24997.32,499.95,89.99,24407.38,False,
SETT-BATCH0410-ORD02457,ORD02457,2025-01-24,1794.92,35.9,6.46,1752.56,False,
SETT-BATCH0410-ORD02458,ORD02458,2025-01-24,1697.22,33.94,6.11,1657.17,False,
SETT-BATCH0410-ORD02459,ORD02459,2025-01-24,6818.33,136.37,24.55,6657.41,False,
SETT-BATCH0410-ORD02460,ORD02460,2025-01-24,767.02,15.34,2.76,748.92,False,
SETT-BATCH0411-ORD02461,ORD02461,2025-03-04,1778.52,35.57,6.4,1736.55,False,
SETT-BATCH0411-ORD02462,ORD02462,2025-03-04,1103.59,22.07,3.97,1077.55,False,
SETT-BATCH0411-ORD02463,ORD02463,2025-03-04,19810.96,396.22,71.32,19343.42,False,
SETT-BATCH0411-ORD02464,ORD02464,2025-03-04,1701.65,34.03,6.13,1661.49,False,
SETT-BATCH0411-ORD02465,ORD02465,2025-03-04,19052.7,381.05,68.59,18603.06,False,
SETT-BATCH0411-ORD02466,ORD02466,2025-03-04,8656.42,173.13,31.16,8452.13,False,
SETT-BATCH0412-ORD02467,ORD02467,2025-07-09,1168.16,23.36,4.2,1140.6,False,
SETT-BATCH0412-ORD02468,ORD02468,2025-07-09,6504.46,130.09,23.42,6350.95,False,
SETT-BATCH0412-ORD02469,ORD02469,2025-07-09,1133.8,22.68,4.08,1107.04,False,
SETT-BATCH0412-ORD02470,ORD02470,2025-07-09,5472.85,109.46,19.7,5343.69,False,
SETT-BATCH0412-ORD02471,ORD02471,2025-07-09,1270.01,25.4,4.57,1240.04,False,
SETT-BATCH0412-ORD02472,ORD02472,2025-07-09,7180.88,143.62,25.85,7011.41,False,
SETT-BATCH0413-ORD02473,ORD02473,2025-03-22,17909.18,358.18,64.47,17486.53,False,
SETT-BATCH0413-ORD02474,ORD02474,2025-03-22,4325.62,86.51,15.57,4223.54,False,
SETT-BATCH0413-ORD02475,ORD02475,2025-03-22,1702.32,34.05,6.13,1662.14,False,
SETT-BATCH0413-ORD02476,ORD02476,2025-03-22,691.68,13.83,2.49,675.36,False,
SETT-BATCH0413-ORD02477,ORD02477,2025-03-22,17846.38,356.93,64.25,17425.2,False,
SETT-BATCH0413-ORD02478,ORD02478,2025-03-22,6407.95,128.16,23.07,6256.72,False,
SETT-BATCH0414-ORD02479,ORD02479,2025-01-25,6085.21,121.7,21.91,5941.6,False,
SETT-BATCH0414-ORD02480,ORD02480,2025-01-25,1491.28,29.83,5.37,1456.08,False,
SETT-BATCH0414-ORD02481,ORD02481,2025-01-25,15331.86,306.64,55.2,14970.02,False,
SETT-BATCH0414-ORD02482,ORD02482,2025-01-25,1255.17,25.1,4.52,1225.55,False,
SETT-BATCH0414-ORD02483,ORD02483,2025-01-25,5703.03,114.06,20.53,5568.44,False,
SETT-BATCH0414-ORD02484,ORD02484,2025-01-25,10678.88,213.58,38.44,10426.86,False,
SETT-BATCH0415-ORD02485,ORD02485,2025-04-07,14464.71,289.29,52.07,14123.35,False,
SETT-BATCH0415-ORD02486,ORD02486,2025-04-07,8058.83,161.18,29.01,7868.64,False,
SETT-BATCH0415-ORD02487,ORD02487,2025-04-07,4120.6,82.41,14.83,4023.36,False,
SETT-BATCH0415-ORD02488,ORD02488,2025-04-07,617.33,12.35,2.22,602.76,False,
SETT-BATCH0415-ORD02489,ORD02489,2025-04-07,1510.11,30.2,5.44,1474.47,False,
SETT-BATCH0415-ORD02490,ORD02490,2025-04-07,2046.78,40.94,7.37,1998.47,False,
SETT-BATCH0416-ORD02491,ORD02491,2025-02-16,1483.7,29.67,5.34,1448.69,False,
SETT-BATCH0416-ORD02492,ORD02492,2025-02-16,8950.24,179.0,32.22,8739.02,False,
SETT-BATCH0416-ORD02493,ORD02493,2025-02-16,4422.4,88.45,15.92,4318.03,False,
SETT-BATCH0416-ORD02494,ORD02494,2025-02-16,1510.7,30.21,5.44,1475.05,False,
SETT-BATCH0416-ORD02495,ORD02495,2025-02-16,8437.13,168.74,30.37,8238.02,False,
SETT-BATCH0416-ORD02496,ORD02496,2025-02-16,520.81,10.42,1.88,508.51,False,
SETT-BATCH0417-ORD02497,ORD02497,2025-02-28,20440.49,408.81,73.59,19958.09,False,
SETT-BATCH0417-ORD02498,ORD02498,2025-02-28,13138.44,262.77,47.3,12828.37,False,
SETT-BATCH0417-ORD02499,ORD02499,2025-02-28,862.67,17.25,3.1,842.32,False,
SETT-BATCH0417-ORD02500,ORD02500,2025-02-28,18078.74,361.57,65.08,17652.09,False,
